theta,alpha,theta_dot,alpha_dot,Vm
0.8028514559173915,-0.025588603692467116,0.036899001018087296,-0.021920476449678237,-2.039711266344514
0.8109074361191437,-0.018587567731043197,1.251805632300041,1.1425728544371605,1.9459294258758923
0.8187578586681394,-0.01216787361619076,0.00888233043751488,-0.10833140457423904,2.4924188782286976
0.8090741529086345,-0.02331074686720047,-1.557678043259505,-1.6753922657642264,1.1808554518717669
0.7848447867406243,-0.049180430608779524,-2.3236065943261197,-2.4740070847079907,-1.5820822575849591
0.7614482429244376,-0.07500376226145766,-1.4311805307084355,-1.6757118700065854,-2.9824613101828543
0.7541605912355318,-0.08619073237022512,0.25598118312586765,-0.12711425767033388,-1.132660681492556
0.7606813004460018,-0.08527890776673264,0.7865943636977056,0.27211687993020833,-2.353584656554575
0.7784928091907641,-0.07478331570761343,2.065191889213867,1.4104465816758383,-2.556256993321706
0.8132098932346734,-0.049055217555103336,3.4971191533936805,2.7185218768054122,1.476191149111175
0.8505604551316406,-0.021796992357427936,2.4876067389878744,1.6591776233100703,0.5841529396576326
0.8790470442857528,-0.0038213093072654303,2.076476618759696,1.2278610075128709,-2.3547112281280356
0.9139955827044668,0.02039123357806849,3.5187282994270337,2.6545380634158198,0.015428364419193041
0.9579813944262057,0.05379970303564896,3.5280876083282036,2.708324409591464,0.5702449014384037
1.0002988236700823,0.08643914629049476,3.2528844235318126,2.532375092954924,-0.6565966715265388
1.0441757049242613,0.1221123755995217,3.772097995363837,3.188802930256312,-0.7893341391047994
1.0951874669775847,0.16698685411443703,4.391614274837603,4.004403826467478,-2.418087389625295
1.159716563395902,0.22816874791196362,5.911875440911628,5.781143730660169,-2.579150266406244
1.2427373992850947,0.31180333158437534,7.326586675531914,7.582723666812573,-0.8149461711013108
1.3362743592456168,0.41221293153107474,7.610718493430506,8.485107975588146,1.2999143965249118
1.4267313292428545,0.5189516964487724,6.8705204626792264,8.627179432267257,-2.6516333270530543
1.5170918705921572,0.6363280435909555,7.518650363073215,10.122228063219005,1.121651805169245
0.8028514559173915,-0.025588603692467116,0.036899001018087296,-0.021920476449678237,2.14769787930726
0.7947074253683359,-0.034592646276887073,-1.339008551526602,-1.4188806931691968,-2.0776147361415953
0.7856469596297808,-0.04506854221188927,-0.11730852570889819,-0.2671929508941639,-1.3654306713376771
0.7889285661771304,-0.044124597357958706,0.6410675870218457,0.41661009431908835,2.546885081725831
0.7865821577201757,-0.04953571777719912,-1.0137435554608505,-1.2796132626674197,0.9532857028915886
0.7697289963067666,-0.07011312004825054,-1.685909696465587,-2.0202691581292576,-0.8924186854488578
0.7513714347070306,-0.09334069823136693,-1.259844268045923,-1.7103511637508335,2.973231338828861
0.7234692316028744,-0.12753574858085548,-3.197955675498304,-3.761455950842684,1.6151248194597638
0.6766674164392819,-0.18249960796847908,-4.28418035097761,-5.040235932164644,-1.453292817174512
0.6273062645451004,-0.24328816651999308,-3.6330691522049023,-4.720164573166822,2.8814925996742184
0.5711911910670002,-0.3149419332101999,-5.303371406899419,-6.722096859699593,-1.6254956122671305
0.509428381670793,-0.39802380925913283,-4.5974319259568786,-6.6091626899078335,2.0831923085349713
0.44590104705112177,-0.49011316912725356,-5.51738444518851,-8.101537385752755,2.452683308784965
0.37195738376435905,-0.6007137791718082,-6.251319903920704,-9.565141481613797,-0.2180155756062514
0.29657622350140533,-0.7241818902951072,-5.79496443701938,-10.204206744604473,0.9226485811940912
0.22545351245202516,-0.8576429152539125,-5.5538325705426335,-11.151262167269584,1.6040292944292407
0.15741261740793488,-1.00372189060554,-5.297657833476461,-12.221522726715524,0.5413569676092642
0.8028514559173915,-0.025588603692467116,0.036899001018087296,-0.021920476449678237,-1.2340662186114522
0.807789073439416,-0.021668327808976873,0.7528583308364185,0.6493040606020516,0.4400662346295352
0.8152169357727477,-0.015699828978122277,0.43812664649928423,0.3098436531385859,-0.20080520601120622
0.8212718169991264,-0.011392986167412467,0.5318072517410032,0.38135803549313213,-1.2147457724133064
0.8324727832970336,-0.002224991098683571,1.2616128921023517,1.0884027057248422,0.02461976670613586
0.8480736142330585,0.0112015334745319,1.2386703623742954,1.0671808999469954,2.6315786099620624
0.8534469321289979,0.014659157891065533,-0.37414434175985023,-0.5071858147505333,-2.2219579406056518
0.8575585540402435,0.01713081074588807,1.0295068261251432,0.8996852233794477,2.1703977478911707
0.8621839038460157,0.020391569134772247,-0.2853867896879195,-0.3721943094307333,-2.9090928941122565
0.8701233256484961,0.027287936038287164,1.5531977099668004,1.4733861738819918,2.9530883514358184
0.8783755535635249,0.03493521879331141,-0.22589668726755027,-0.2398430767634408,1.863474937277183
0.8687596748651609,0.025538302871239704,-1.3135935120052014,-1.2660131744327523,1.5137835023303765
0.8468161905683997,0.004475829454947178,-2.2020682157649367,-2.113048478305519,0.4165657380352461
0.8178135805250983,-0.023374722348725285,-2.4456828019664867,-2.3569513768863155,-1.678884398301368
0.7935741910366758,-0.04681710304270492,-1.4429049305856734,-1.4103554951544666,2.196211505540525
0.7666354699226567,-0.07367204744449207,-2.868105817156769,-2.892849577287747,-2.2603975038345765
0.738759383599275,-0.10268628627156051,-1.6072966463291007,-1.7721473943518808,-2.182914494140711
0.7258459052686965,-0.11872323330421519,-0.4685881121039844,-0.8078153586614177,-0.060588138365355704
0.7189234894524992,-0.13092910140231995,-0.6414170037692625,-1.1501038036137397,0.553178907132847
0.7074669804944742,-0.14984972883671732,-1.1930707942524714,-1.882493768316269,0.6082756340668656
0.6888556447612149,-0.1783516374436962,-1.786028156544097,-2.6852034563303513,1.8898744999679913
0.658265228495857,-0.22159184000860588,-3.097917549329638,-4.232385206584601,0.3515176693366113
0.6169653316903778,-0.279098319084103,-3.50756510620727,-4.979828200173746,0.7478435734551403
0.5694596081911145,-0.34751586926922506,-4.0796062674565405,-5.970014589439028,0.8812597214877842
0.5150307236896765,-0.4287305786850695,-4.60553666120137,-7.021475093221299,-0.5054157149364977
0.4585590740472183,-0.5197398112612728,-4.424032870806946,-7.555543106725079,2.82177912610409
0.39704681082833115,-0.624452537392413,-5.353272468984725,-9.163902358232848,2.390290191464403
0.32720058244979766,-0.7473636106011972,-5.765778046558857,-10.479775111816679,-1.1049115731457093
0.26022424894742713,-0.8817320719032784,-4.946998361078187,-11.044346069382582,0.13653702671420476
0.20178886014013475,-1.025217283363565,-4.382640292183092,-11.926285669584907,-2.368968478323527
0.8028514559173915,-0.025588603692467116,0.036899001018087296,-0.021920476449678237,-2.911846068309453
0.8142837898375443,-0.015251942108036154,1.792099030856138,1.676717965878938,-2.2414339215940995
0.8451290995645797,0.013927499656916087,3.148460150061,3.003417878501739,-2.3643101897856598
0.8936069085186285,0.06065227464517786,4.612066888806264,4.487856524828638,0.7757144680127555
0.9485526991931073,0.11475133595865028,4.194064711252584,4.197027184254191,1.328688786746075
0.9967773680917746,0.16426930739835965,3.539237489356066,3.7555872599127986,1.2761972050504147
1.0376316284808214,0.2095212914153688,3.0124808931260714,3.5105344033845753,2.4483242905942006
1.068405847581559,0.24873676703338132,1.9324531140493706,2.7939215606364467,2.2628203513834126
1.0870293816862162,0.2806282508782312,1.0628772284386439,2.331502978793072,-1.4838780951556148
1.1074047996375063,0.3189992482594102,2.1840994485487517,3.8027190219525675,1.4494269836300457
1.132280482841785,0.3671621440810884,1.8066657130376145,3.9244348686142323,-1.543592365383658
1.1613924330203886,0.4255125944331253,2.825898389719135,5.399387442610141,2.1241116148902153
1.192538083537193,0.49313846385362003,2.1731176087946027,5.4506331698514625,1.802089797212945
1.2168374665959565,0.5631460784273905,1.7224643510363704,5.772888558108402,2.0242979542921624
1.235255497664907,0.6375783973373692,1.2309724481600268,6.158359117166581,0.6942485655210842
1.2504028489442982,0.7197176576886601,1.181238521406033,6.990100673609902,-2.8480889347785037
1.2709006454685827,0.8171654353832434,2.046786376518617,8.5728475167941,2.020841366175886
1.2923647784923222,0.9282038362029903,1.384367062935551,9.215235669888989,2.8903085444839105
0.8028514559173915,-0.025588603692467116,0.036899001018087296,-0.021920476449678237,-1.834692495009051
0.810113826065296,-0.019371606448113976,1.1248189002104636,1.0170315199936284,-0.8962733556146167
0.8273816645356895,-0.003655111169088787,1.6417960694074567,1.5047128807761885,-1.8702247332554889
0.8550432351524306,0.022189606906075188,2.7885548068922734,2.6403711488438906,0.26398838342027986
0.8889943570471823,0.05453215853720783,2.6530409197259734,2.551836469983086,1.9783115689203932
0.9150380181654283,0.07993313812352554,1.526382899094852,1.53140085597066,-0.41568520988070956
0.9365112776923663,0.10216932081415697,1.9133568949706596,2.0353699393338736,-1.330603603431298
0.9664053144451552,0.1344388024654597,2.870143901423326,3.135470103661365,-1.2228228036141142
1.0078496216593003,0.18037824659628976,3.758760303290336,4.223766124009144,0.7083638846742066
1.0534843813820487,0.2336490431889655,3.5536402544966097,4.3232645126119476,1.1835542561792245
1.0953465446872785,0.2874971883900086,3.1574496196842436,4.3180444280366785,-1.9225445017611003
1.142454555246756,0.3514403955274066,4.351311428668478,5.900699620714806,2.7034788299937063
1.1899820790350883,0.4223028853738855,3.282618494474749,5.481654146511106,0.6183970185120362
1.2306856799923116,0.4944482161561341,3.226327574624975,6.074091624497742,0.09019083461005772
1.2717683559000745,0.5755373636912062,3.3324458674960717,6.9042312667078924,2.1920121187232278
1.3090793052758132,0.6634294338158093,2.647289191968099,7.186459449612791,1.1069433084067342
1.3402340446854035,0.75745858505584,2.330107930460396,7.871221343393053,-1.6200647181991619
1.3718389397675672,0.863849335466532,2.6878127214772563,9.138084831640679,-1.3428981388846701
1.406041637498757,0.9853794245133756,2.7497446716319827,10.301341661057632,0.6505247079529086
0.8028514559173915,-0.025588603692467116,0.036899001018087296,-0.021920476449678237,-0.9026414098483428
0.8065064285532726,-0.022935512517012313,0.5476548609951215,0.4464348342987893,0.8865653623727012
0.8096334325375163,-0.021230434787633534,-0.0454741774790989,-0.1708906740937819,1.1084742304117867
0.8045294968186245,-0.02803847524756664,-0.7714036323735988,-0.9196777421511778,-0.18429719651596477
0.7953054393998267,-0.03937905660586427,-0.7080314115290374,-0.9010723567409328,1.8826613569513073
0.7787763828513365,-0.058585087516072054,-1.9377120392087694,-2.1766488779151465,-0.6320373567047124
0.7564266605072296,-0.08449934719510299,-1.6468354365687343,-1.9844924889161066,-2.690435172215146
0.7452061368694882,-0.10086354920680307,-0.1596002271027379,-0.6496787271302329,0.24608978196340292
0.7411544774221532,-0.11190876209362077,-0.4903700079551766,-1.1214442927683053,-2.906576730125023
0.7447238705342798,-0.11740938391912303,1.0552480563113205,0.2325569582508838,2.8480372418239543
0.7458664427527859,-0.12737030187627996,-0.8675092186334381,-1.8217734363627078,1.171696750134494
0.7293859742552056,-0.15681818029600647,-1.7690990786438636,-2.8956968145701736,-0.17627999514607495
0.7065243335636144,-0.19518738224612786,-1.8951465526084867,-3.25844968733304,-2.932899321195242
0.6914885274811247,-0.22932570597535262,-0.5330531803840081,-2.234750872116912,-2.5351984618804995
0.6913661258431842,-0.25302003859777145,0.49926314115796916,-1.5769095350368743,-1.4261979082103726
0.699950858953422,-0.27273928545062986,0.8674189943965352,-1.5897649253605244,-2.6158646179819174
0.7167892405777461,-0.28934809274579454,1.8162506290716751,-1.083596085589367,-0.736802007676177
0.7390492528579431,-0.3059134746166956,1.74260161319449,-1.5727373415251293,0.11101656252384995
0.7576044579616248,-0.3313420207290392,1.2276779979808796,-2.4981749565262454,1.952621223927049
0.764220611112969,-0.3736172555949908,-0.14888535012543325,-4.25116824923011,-1.2146889049113463
0.7635078300715143,-0.4289814393530218,0.027859474981931566,-4.625884951941859,2.4328531032870435
0.7551725650800449,-0.4982645450783587,-1.319109586113246,-6.4295605800279345,-1.1371594921900123
0.740187954870859,-0.5816637536025016,-1.0791265987692764,-6.93289877560108,-1.6738667063544916
0.7293744914129787,-0.6710869877980463,-0.6544444262114376,-7.397563244976614,0.2831146394084634
0.7200605955597603,-0.7699617534301204,-0.8115633582152525,-8.419788946983909,-0.7212216375189096
0.7114232600968506,-0.8803682907035748,-0.5553768847093694,-9.255476914130616,-2.9804594127810584
0.7100497713278071,-0.999536852796238,0.3342502969461452,-9.842495464309176,-0.4070931999016443
0.8028514559173915,-0.025588603692467116,0.036899001018087296,-0.021920476449678237,1.5548729187321273
0.796999564920859,-0.032328002287971724,-0.972668793229343,-1.0566625862864811,-2.07054182445137
0.7925043229528828,-0.038264677618431886,0.24852745100255852,0.09964347444683949,0.39297899678486115
0.7936395238274092,-0.03930620200788093,-0.06643549887773811,-0.26578950842229726,1.1350645237803203
0.7879756815161683,-0.047753881605422155,-0.8401294209369916,-1.0875521556654535,0.14053598312568738
0.7764224436087743,-0.06282239992782346,-1.0121928648320864,-1.330572339116764,-1.7352325402252218
0.7697498691040363,-0.07412990754283699,-0.061902402828803355,-0.4883779495508358,0.1550677502052129
0.7675372813944161,-0.08231623458261916,-0.293697952883668,-0.8246591326385283,-1.1093662626624214
0.7671678275549665,-0.09011237331585642,0.2307196821804826,-0.428737297998947,-2.1403859481628995
0.7771525000064239,-0.08929054219831878,1.3647891560553003,0.5574087676030117,1.0017772082803589
0.7893225112845679,-0.0879336351792106,0.584480409246055,-0.3370532678824664,1.8098009663235946
0.7887220370029437,-0.10071422798588081,-0.6791117140172442,-1.7081454516272259,-1.3058460817736957
0.7840810772079689,-0.11919542758167667,-0.07159530303477146,-1.2616979036213916,-1.3628892823116103
0.786966816739243,-0.13232831055086036,0.5270612230564224,-0.8493279477805842,1.2269563755533817
0.7875223585758624,-0.1500337600587449,-0.4372408672199958,-1.9854985046879094,1.864993963304718
0.7737476646680621,-0.18431410907847212,-1.760911446202066,-3.5001361317930835,-1.0587415444374968
0.7539746497907616,-0.2275853873776379,-1.4154089319765426,-3.445913218534267,1.3731326042080534
0.729873491125113,-0.2788832129529508,-2.428718539284819,-4.760586681481171,-1.7049926541648939
0.7033876642464261,-0.3372952358802048,-1.827188673687072,-4.616723195829226,-2.0333595412000847
0.6847571263761281,-0.39412879956572144,-1.1719897963837451,-4.5075412154191765,0.9131878132448152
0.6655425682779543,-0.45808998963175007,-1.882101440630453,-5.719285988837928,0.22573548811446686
0.6400155629153739,-0.5353896135234297,-2.185786786032919,-6.649051046015249,-0.0864506093303663
0.6120627480122929,-0.6237208047189666,-2.2709698819878437,-7.487748998344934,0.6724900856518308
0.5821399525956874,-0.7238853993196903,-2.4883307188934953,-8.533241918203482,-0.4688374822307342
0.5526112658123825,-0.8354756241905381,-2.220901001647383,-9.331129519207087,1.0217467604425012
0.5246583376586069,-0.9589418904757769,-2.2192273676923304,-10.420806198596905,1.714071262100969
0.8028514559173915,-0.025588603692467116,0.036899001018087296,-0.021920476449678237,0.23261670322468708
0.8021137765604971,-0.02727526244041867,-0.15496736466359037,-0.2482073339770887,1.2533651347441097
0.7950194302753895,-0.035717898348869515,-0.9804865830565196,-1.1043193367234143,1.3811842715626277
0.7770690689072746,-0.0554756556712821,-1.894038071291002,-2.06341373766034,-1.7363037712860208
0.7595245143864133,-0.07574032480028325,-0.922956715100081,-1.1941428966312755,2.755574758930198
0.7366940617461051,-0.10248603057709627,-2.726714680093542,-3.087228157362786,2.7711353043129696
0.6914415380834127,-0.15305087304024534,-4.503162276518876,-5.004932928309855,-2.1995419904532834
0.6422874014934079,-0.210228359959578,-3.388074636597791,-4.184050992390581,-0.5836689059892404
0.6005984405914719,-0.26392438632290816,-3.2903346116421823,-4.428175444084592,-0.5159749053009426
0.5596417807394287,-0.32163413164685917,-3.267205483866872,-4.823241638185138,2.263757119036921
0.5105207868534856,-0.3927344670056856,-4.55322603666776,-6.532486778647076,1.4027514445653981
0.4492846376456874,-0.48223195565103927,-5.207864657225232,-7.774479755250206,2.8925642247161027
0.37777629661299716,-0.5898626888248084,-6.164030852297002,-9.409633443370607,0.6996930551704024
0.30143173712888816,-0.7129342063151616,-6.0209747797158535,-10.28306754692201,-0.5003414393472032
0.23011287990471008,-0.8454336262767264,-5.379001134665877,-10.935212480283434,-0.9732374341231314
0.16798959222618937,-0.9863028881609761,-4.553055139955756,-11.626745840481943,-1.1702065811163935
0.8028514559173915,-0.025588603692467116,0.036899001018087296,-0.021920476449678237,-0.8765474606920982
0.8064054473766338,-0.023035276747394917,0.5315000887844264,0.43046377381622086,1.1896331288502013
0.8081569398111723,-0.022690347389257237,-0.24937259784367588,-0.372690761692493,1.5741122284615408
0.7986963257835509,-0.03382186032118151,-1.2649224001716606,-1.4108001629927096,-1.7150994242560977
0.7891689750835225,-0.045565190224901464,-0.26590664850868073,-0.47801545002969287,-2.5134137591483463
0.7950189512334842,-0.042893647152981274,1.1997617294970635,0.9028373919075772,-2.550175669420687
0.8193346719293917,-0.022786603288065255,2.694903081587035,2.32204183315436,2.196672526016364
0.8441574162282519,-0.002709551056166326,1.2853788845848568,0.9048844219159796,-1.5503160291694955
0.8661487639642065,0.014439576778093599,2.2361296360803524,1.8452731931421253,-1.8611911492633206
0.9013624985058435,0.04483355504547282,3.4023585858912773,3.0288066961868587,-2.798834701806039
0.9548896277752998,0.09402345393043232,5.160132386724775,4.852046231286781,2.9658408919588197
1.0087236608870782,0.14520794279959803,3.481982373179824,3.3792895179424467,1.1549259681707387
1.0491720444337327,0.18586155854661657,3.0032807432181143,3.148543942741385,-2.8874499181411664
1.0982925471310558,0.23825466272388374,4.832163162717393,5.224353793729521,-0.9218329034170063
1.1626911359048417,0.309885745684074,5.457028853955098,6.241506668699162,-2.3965100263958385
1.238643177904505,0.3985122195742625,6.6438362857247775,7.914702726463709,-0.8929489087587896
1.3233459397558391,0.5034377342671363,6.8753104397571665,8.870317326407926,-2.8964769427997545
1.4142431963552546,0.6241659326257945,7.5935357081731,10.410838837868369,2.4310183762010578
1.5009448314352927,0.7545857605196229,6.3007994519851005,10.502847961432199,1.2315948773546452
0.8028514559173915,-0.025588603692467116,0.036899001018087296,-0.021920476449678237,-0.257652540883365
0.8040105953607051,-0.02540127805032899,0.14840824435832914,0.05172559925542104,-0.5239362926703253
0.8075918357695082,-0.023275323132230685,0.42468412374515974,0.2888361441924829,-0.21012852005863447
0.8134269330096564,-0.01935002494626792,0.5099963182416724,0.34115483688481213,1.2600609258170081
0.8146782111093578,-0.020318270723724385,-0.30819783484025665,-0.4940676204037415,0.29474789783841837
0.809459600401897,-0.02802899195461883,-0.5285630110325034,-0.7430481458737224,0.6036430228759375
0.80021537871569,-0.04017845630025674,-0.9529397575166639,-1.2058013424367906,0.031716090528225216
0.7877613402860613,-0.056156179749560664,-1.044093795171844,-1.3586632557720124,-1.61528464113682
0.7803175883975175,-0.06812070835984674,-0.15337299550575126,-0.5655098254129024,0.44683898407052247
0.7759151845846426,-0.07825080554406494,-0.552589255256313,-1.0588606660524287,1.943841424899369
0.7607542061986687,-0.10032475184269263,-1.872449193179605,-2.4764541003419986,1.7412795977557893
0.7298925011637012,-0.13954863846341015,-3.0637359679043126,-3.8064697503315217,1.4862943311055812
0.6851993781944845,-0.1947469619043911,-4.080802361308979,-5.032416867112243,2.3080807762770092
0.6253474038342697,-0.26820382091364525,-5.466052681142542,-6.71118945210934,-1.756120526919033
0.5622772575632271,-0.34996539766099843,-4.648594385725518,-6.413713683064969,-1.8375570210283072
0.5088452385010775,-0.42931472563455086,-3.919875511005096,-6.319188957261216,2.001883094778284
0.453926117684361,-0.5177110100342439,-4.820666172813758,-7.801448444554266,1.4831796045022445
0.3907520069896542,-0.6227644837774537,-5.244593237044623,-8.99259286571223,-2.9835514994361074
0.3327674299365766,-0.7351222632666019,-4.05737142571489,-9.030399257687254,-1.8532596186711843
0.2868446139736829,-0.850987982874559,-3.2918005149988527,-9.534097463189552,0.42446706735494955
0.24693373874768065,-0.9763429359036677,-3.068155379695447,-10.52663668476713,-1.872102907324991
0.8028514559173915,-0.025588603692467116,0.036899001018087296,-0.021920476449678237,-0.6998998763965014
0.8057218564083328,-0.02371063045802213,0.4221432507002664,0.3223503042260957,-1.6668436062052636
0.8171606239029625,-0.013802306525139585,1.4091918821647462,1.2657080441855701,0.27894614630388315
0.8334840242195316,0.0006286196904223829,1.2073827845228824,1.0516496025839424,-0.646496099594029
0.8510415562310403,0.016224975913526674,1.6055685040666305,1.4509161934283905,-0.707809835887101
0.873968092462249,0.0373442255645422,2.067451391250807,1.9376534784970716,0.04496844657417043
0.8999617917006626,0.0620726640176823,2.098429776871563,2.0316592777388838,0.15831894665274504
0.926167265877063,0.08803033192604781,2.101527178294402,2.134790061648909,-1.64682321942495
0.9594847261044066,0.12248299601634027,3.2292601703730406,3.3854830171599732,-1.6879784850965818
1.0070019381755149,0.17302146714982047,4.3682340682618666,4.708052340219198,-2.3711506393073654
1.0708241501714362,0.24264556381873126,5.8177976334236465,6.42583271903278,2.4572044948528484
1.1359291143972134,0.3183291535867001,4.632580887614821,5.734925785839644,-2.90391066518436
1.2034087093692545,0.40224230321581356,6.107004837445026,7.65940322348819,0.8517778373337732
1.277047322498138,0.49988189126941407,5.675925683991999,7.987425442354022,-0.801333997726319
1.349119056137754,0.6058205367273786,5.823599434160776,8.958864800229245,-1.9487566577867848
1.4241528207623269,0.725654481887541,6.131257711012219,10.197363067739387,2.851603033996274
1.4927582595901727,0.8542505814393806,4.864531044509032,10.420693255299229,2.7580325902910214
1.5462579809851018,0.9872399453691596,3.7035170932900883,10.892985369273312,0.6405732173241323
0.8028514559173915,-0.025588603692467116,0.036899001018087296,-0.021920476449678237,0.29290994409569526
0.8018805259143496,-0.02750570628839366,-0.19227000140306377,-0.2850870430008141,-0.7269156941566695
0.8019757685945521,-0.028848221638568816,0.20621596488556954,0.06840970833189522,1.4198246476488103
0.7987197485873336,-0.03401261040679504,-0.7264023756920853,-0.8944189034099197,-2.523504422236662
0.7990211614054674,-0.036237646849806904,0.7704558092528777,0.5326244198196579,-2.8360318513389937
0.8191710888142052,-0.01951139194558138,2.4560175224408396,2.1487074100534587,-0.4963576602473281
0.8514837088547589,0.008779910364071775,2.7215759814734355,2.3922060781048446,2.441331918091759
0.8760400452411945,0.029432824717893435,1.2178440156805814,0.9286426059734543,-0.49820982429330485
0.8934758958501536,0.04349950920471457,1.5750081857510974,1.328200449135641,2.4249397135332877
0.9042514913260211,0.05170570236603256,0.15552541875621148,-0.0059442822266216055,0.5228036098931126
0.9047714174887478,0.050686323911658615,-0.07223265006740606,-0.15718019976442898,-0.42530066382178155
0.9060938227349169,0.051368313702730095,0.28313783699362766,0.2654632762580603,0.1755864251562702
0.9095383797967891,0.05505300303194094,0.269070560532763,0.3259790176599352,-1.8392891115844534
0.9205928634488503,0.06721084382750231,1.4990686720799222,1.6206511156185688,0.24662360577526332
0.9390686505909276,0.08783059131692728,1.4629814458426182,1.689240701243964,-0.7376144814735612
0.9610372582743043,0.11337771960424003,2.055183430879156,2.407108448732135,0.9130616403809428
0.9843843908807415,0.14222157383989975,1.6901664112336618,2.2245641048545832,-0.4775939086077128
1.0086096304418657,0.17436489252678955,2.1883830631596632,2.928043396913992,-0.3334774358014041
1.0386285702119995,0.21517748282491178,2.616562650992747,3.613200582654256,-1.656091026941091
1.07853440944759,0.26931377228875863,3.7531742619614983,5.0463815174663305,0.8604322840432301
1.123938671123196,0.33358207586395316,3.520111844614051,5.260153634811432,-0.0164753270048843
1.1692928352805136,0.40378098807700225,3.7291780185139776,5.980867400170603,-1.8243134044575435
1.221763542803358,0.4876966165259917,4.62470045757176,7.426248437231639,-0.22483288721731487
1.2799821454733769,0.5856208152060534,4.66980015032698,8.24510264849723,-0.15823487065563668
1.3378283423332338,0.6937941926097291,4.564184440940069,9.067091365114877,-1.7895202864235484
1.3965325089883738,0.8146664907161298,4.784573265049572,10.259726541841951,1.3520949310807202
1.4513406579316834,0.946708809781982,3.9801987197487345,10.891039666265623,-2.470882736729932
0.8028514559173915,-0.025588603692467116,0.036899001018087296,-0.021920476449678237,-1.783209285347216
0.8099145446783256,-0.01956848453045046,1.0929322621984203,0.985507823430115,-2.973587647776796
0.8348300516364802,0.0037026133690298835,2.896870452063181,2.7454251936598504,0.33574295448360214
0.8696582149300971,0.03671522377986536,2.6854279630917706,2.554642394543126,-0.1543428507830349
0.9040877865747037,0.06986653927277287,2.8314910842032464,2.7657611503096193,0.7022991914097578
0.9373912764728907,0.10305773739444968,2.5076860063329662,2.5635808558296813,-0.2694108942757687
0.9706684410618944,0.1379798586581562,2.8223305244081196,3.037857098698405,2.946448990444776
0.9963158382978605,0.16783438230982828,1.3011464173698197,1.7661637768500624,-2.372671561482945
1.0227390799452545,0.20133193238718672,2.9162160015875704,3.590306004112657,2.5784616013631485
1.0517383725608447,0.24089937713687526,1.7461054996108398,2.7720852165871475,-1.2024415115007916
1.0795506892718594,0.28348276801753824,2.6943011185921364,4.041129947002412,-1.036134668094004
1.1182462013569596,0.3413953301413777,3.4821246374273036,5.223712303493926,1.3524072155453766
1.1591544088490462,0.4075011471561121,3.074007722036964,5.378681410087949,-0.8240069580243232
1.2011716981582197,0.481754244145705,3.6256588511012486,6.496443958753696,-1.5701323193351124
1.250949652057539,0.5713294732788432,4.298766546835124,7.81850288012955,1.7180842276312696
1.3005650496635566,0.6709946373833415,3.645962843365265,8.15516421472032,0.1854844434181997
1.3451012770310387,0.7780605714861508,3.461882822010027,8.981914024524317,-1.6959850499414832
1.389812687690064,0.897899220720249,3.651907474979602,10.181937542367507,0.304434578822514
1.4324397645850393,1.0306528074280772,3.1498391170921076,11.07114994580974,1.3753022409885824
0.8028514559173915,-0.025588603692467116,0.036899001018087296,-0.021920476449678237,-0.17621433228339134
0.8036954971977277,-0.025712581734493423,0.09800849193573591,0.0018981227548619988,0.07962039147758437
0.8043095307237929,-0.026521664261350164,0.0002467446544744834,-0.13142878246647216,-1.7110195362526057
0.8106235666586756,-0.022167151188814405,1.009275736888725,0.8277020996850878,-2.6201017180549053
0.8330940021218161,-0.0022765469992220844,2.5889903354677517,2.361344326822324,-2.459800855550442
0.8748448344204647,0.03652243882889783,4.096472227565327,3.8605968334424237,-2.68576801593628
0.936453409609145,0.09547205515218105,5.758926155087348,5.584887032177458,2.958426610008572
0.9976676280257237,0.15578207946535505,4.0674606111490155,4.1126537836431405,0.03177108575137488
1.0493934673099226,0.20963010970865037,4.2144791920937905,4.522379943226518,-1.5466433203046956
1.1084875243392176,0.27448852913451427,5.222903919429068,5.854842044176829,1.2577566593817897
1.170564436749789,0.3475135315469351,4.723239057466439,5.860556207247742,-2.870581113538349
1.2387282736087109,0.4327781592711095,6.124122237890185,7.7490109245465675,-2.1554530524645843
1.3201941869739846,0.5387136269306931,6.852684461708346,9.175515238658535,2.469030022270317
1.3984227793851556,0.6529546734678058,5.687789089643624,9.149427691874674,-0.5967492291329801
1.468756985168885,0.7730714680912132,5.537184931116929,10.070339867252931,0.480530359291659
1.5343549710433235,0.9035242691122605,4.944822907681702,10.817296439782313,0.42719094861758755
0.8028514559173915,-0.025588603692467116,0.036899001018087296,-0.021920476449678237,1.1821173137187406
0.7984410699889612,-0.030903807849519627,-0.7422320631839753,-0.8288256818760393,2.7261459775074
0.7783146419521492,-0.05226465195678287,-2.4779905391119215,-2.5928019979431207,2.0070764974387805
0.7392358551183005,-0.09318542664036666,-3.776016843130922,-3.9654400037713358,1.5986027500065259
0.6854740729042588,-0.15016857592245136,-4.823198395661685,-5.163858781558074,2.4166404389587983
0.6159504633014463,-0.225361533419834,-6.274784740192814,-6.862881282027275,-1.0061133106178577
0.5407574068922627,-0.3106114435844818,-5.7692638038555115,-6.812809033683466,2.82329997702752
0.46004843227754044,-0.4072628264292488,-7.0797843649932135,-8.61806885531002,2.476601103344918
0.36647050175231755,-0.5243274395832893,-7.822916413465076,-10.081040574174997,-2.5307201827283063
0.2773062894032079,-0.6490631809295984,-6.473910035248212,-9.931986143599326,-2.255726110084224
0.20347089779189487,-0.7742605370426672,-5.355452773036982,-10.139605241359744,-2.3332649122661033
0.14326107108185093,-0.9033734725620848,-4.286642950704571,-10.552725765362636,0.8054614079382931
0.09151844094495942,-1.0416338805561658,-3.964195264936856,-11.573869723950502,1.033595981918161
0.8028514559173915,-0.025588603692467116,0.036899001018087296,-0.021920476449678237,1.4649601803171866
0.7973472540948658,-0.03198448714201296,-0.91709108020287,-1.001711435655158,-2.2174990532743406
0.7941167537357035,-0.03666743918810367,0.39555199257388374,0.24575097330361703,-0.3012884144495538
0.7997848994315566,-0.033205890432719265,0.512226017710216,0.3097301237377583,0.5993084767283587
0.8034654433945807,-0.03231697977738213,0.0779373140855468,-0.1656502961377146,-1.4666891193081029
0.8097296323467589,-0.029451798562534215,0.9234762467355979,0.6232696062201358,0.9297290656178436
0.8172990981249004,-0.025845334654212238,0.2901192620051023,-0.04238329862269108,1.4846712297913411
0.8148691016109755,-0.032589214800800015,-0.6784909484872055,-1.0370268940634098,2.6356247760378713
0.7958739512704103,-0.05623760644787934,-2.3610994673874406,-2.7515121353198917,-0.054980328051827954
0.7661005617037357,-0.09143184427638529,-2.4114427743715257,-2.8967763899534233,-0.7883277213731361
0.7381322812883857,-0.1263707500004334,-2.0746574184183544,-2.713043155755047,-0.5744957817434386
0.7131791530598282,-0.16050001451613216,-1.9270018760737446,-2.764772602875775,2.907053851028426
0.6772494312015738,-0.20809855866517113,-3.803444004216093,-4.843648175701956,-1.3759638960061378
0.6333070540676609,-0.26721928331190226,-3.2447948420752173,-4.6471287400777435,-0.33072356367473876
0.5923795793117876,-0.32820823170703584,-3.305751352895422,-5.127454427005968,-1.617799878210045
0.5544903210224348,-0.3921981094587679,-2.7714338825608658,-5.139932066588728,0.15533294095450412
0.5178927088393221,-0.4618246261538941,-3.072074006968279,-6.0040259493872545,1.7114295581360128
0.4741747471707374,-0.5457842302288252,-3.8827392510693732,-7.410415035399094,-2.433641505061037
0.431073614878978,-0.6388975329980693,-3.030464280755864,-7.523640331152978,-1.8207049903438028
0.39685746142739076,-0.735647585497226,-2.4470532603077593,-7.97970565650559,0.4393658359640824
0.36587488736715157,-0.8418138858162942,-2.483940484717288,-9.005310025476753,-2.5083368711781837
0.34009441148893593,-0.9577994569827273,-1.6420304049182088,-9.579536572114682,-0.8738941545715182
0.8028514559173915,-0.025588603692467116,0.036899001018087296,-0.021920476449678237,-1.9448998669792306
0.8105404244022485,-0.018950152944049226,1.1930790514810916,1.0845147270279039,-2.4607013532231807
0.8347250384010523,0.0036056809493909547,2.680185014092854,2.5324401850814073,0.6533316911842819
0.8656265000741188,0.03274787328385331,2.2735477347986026,2.1471749622916407,0.2814799508495147
0.8932213170496253,0.05909381240180789,2.149568147840279,2.082505841671351,-0.28331288002750554
0.921717820029432,0.08729149297154182,2.4160927877675835,2.441927767828156,-0.11195079877464709
0.9531321615930217,0.11983929952166728,2.616912574473976,2.7801086254083818,-0.06513371834955795
0.9871281141604138,0.15699024869975098,2.8287010566558344,3.1790807173885,2.3397280564087914
1.015326549099112,0.19122801559202918,1.7018445300602927,2.325936109824155,0.2721806895612686
1.0373725464498058,0.22279547007603018,1.830127634691134,2.7364815863498513,2.2164148991814265
1.0545465236282894,0.2535372343433626,0.9332548170429775,2.2049111862785313,-1.6135500260089068
1.0737661363773476,0.29058186161776334,2.1297722210348016,3.7176521928373396,-0.45479796478424905
1.1037470684461281,0.3428827149070779,2.6598109133242067,4.654781657983813,-1.3782699083000682
1.1427156055038221,0.4095458684832636,3.549669273723228,6.0017035921662165,-2.4923911179657923
1.1946950139920984,0.49531364588159565,4.714105359624096,7.691312498910592,-0.7092180964406687
1.2549501906212432,0.5974332459068905,4.897737013876235,8.6446767577285,1.6943349952283073
1.3114535133731744,0.7073555858645579,4.149423898456274,8.972671894422302,2.2420655011175725
1.3577874926217763,0.8217014460250209,3.271827110307391,9.354037683609334,-2.7514808156340895
1.4013986269425383,0.9471956558744328,3.655798427355261,10.706903908708648,1.324632305421014
0.8028514559173915,-0.025588603692467116,0.036899001018087296,-0.021920476449678237,-0.6297814290149675
0.8054505211232379,-0.023978696579137537,0.37873800943185426,0.2794384618752668,0.9656678978526139
0.8061544692472644,-0.024679263604933332,-0.2648250793650144,-0.3899023413098675,-0.9333398456772866
0.8061774091390577,-0.026482861374117483,0.2667418980939919,0.0987800819726842,-0.3200483859712011
0.8104311782111777,-0.0245750286564963,0.41416680616611573,0.20714036403399616,1.7206913957292924
0.8086480659599573,-0.02907982715237667,-0.6981146836174106,-0.9267497256418115,0.44297211555643745
0.797901949818896,-0.04292669569413743,-1.0244223712593892,-1.2948886801906823,2.620095414147346
0.7745755454315804,-0.06989822336822371,-2.7077254623802074,-3.0258161456452966,0.8341542088063756
0.7370028497464491,-0.11207750630084945,-3.309117093032237,-3.7381387394565895,0.07599008849370259
0.694552803000811,-0.16097746102683663,-3.4903673986017774,-4.105304494102469,2.5246510642957647
0.6408909959534075,-0.22367680129738732,-5.073656056960246,-5.921149657448098,-1.8986873279260759
0.583162819729067,-0.2945684226671319,-4.188255102477499,-5.4639467078109725,-0.2986746572686485
0.5306636146708259,-0.3659305174265022,-4.210796008406243,-5.970423640665075,-0.001467665868291057
0.4771372868374808,-0.4449688158390348,-4.343159756690301,-6.684617583377688,1.8799798541542234
0.41765097069314017,-0.5374695445606941,-5.128266697754518,-8.094401550033957,2.7098111988289553
0.34831400246519184,-0.6483636236712593,-5.901254661032831,-9.616859297986407,-2.7756724718051853
0.2822348061450488,-0.7689492633997554,-4.693465786096957,-9.721653284057961,-2.6626358398429386
0.23036118184989718,-0.8925499043643463,-3.617301434622424,-10.090246262693874,-1.878474786960682
0.19045127440692955,-1.0227455104151382,-2.763903370361791,-10.766121454910094,-1.1998061571494354
0.8028514559173915,-0.025588603692467116,0.036899001018087296,-0.021920476449678237,2.2591780960073606
0.7942764488151175,-0.035018457462976826,-1.407877715272206,-1.4869767491113886,-1.496086321580023
0.7821091525909085,-0.048568929684832174,-0.545588552839471,-0.6915426756494181,0.8091044898228703
0.7716391821034976,-0.06125540638289584,-1.131404061166647,-1.3425988643451006,0.3997858792471889
0.7553255441409865,-0.0807406887525457,-1.4827872545835508,-1.7833440755805663,2.1414917314118282
0.7278624069911741,-0.11257403081166562,-2.909836001042656,-3.315333631238995,-1.2407083431491168
0.6951954792186101,-0.15146132640925103,-2.3311302431519643,-2.9303303460913543,-1.3027211203274487
0.6694742196714749,-0.18616666044265395,-1.7971128533437932,-2.6435443751632466,-1.0739202333520208
0.6491596913300128,-0.218827615212708,-1.4632195829304102,-2.5996813301405997,2.6779693842929913
0.6198379082736398,-0.26394457881820577,-3.206732596883322,-4.607451162463202,-2.547702047994831
0.5865292921934762,-0.31758740181190204,-2.149154050418903,-4.0139259587128615,-1.3694572028360676
0.5619128330823289,-0.36854305502406337,-1.7999835751384368,-4.160583227097716,0.18384681779819712
0.5368552003633082,-0.426199752665235,-2.199938703596536,-5.067621825796879,2.3841187217494326
0.5014226237270618,-0.5004747169955914,-3.42421376853955,-6.789199798924324,-0.01563128308632411
0.45814692425727976,-0.5903428277554794,-3.483813456050138,-7.594350731571336,-0.46152089708101585
0.415698905727226,-0.6896832468368745,-3.295444938707561,-8.310051085315473,-0.8697518168774767
0.3768594509575194,-0.797769334094022,-2.909194358968648,-8.99799084005413,0.4916129545904724
0.3409977423746531,-0.9164960388611876,-2.8019481131954382,-9.999581539318186,0.49386780180041967
0.8028514559173915,-0.025588603692467116,0.036899001018087296,-0.021920476449678237,2.483082442779991
0.7934109040653858,-0.035873632954025236,-1.5461785182522267,-1.6237268074636977,2.2386688299992246
0.7651267109684423,-0.06535708662173079,-2.981009246847484,-3.101566011342249,-0.67819215203503
0.7299413091842131,-0.10272304106582553,-2.660190906891023,-2.8977353859826103,2.3527665100901984
0.6870406148890842,-0.14942101764530058,-4.197168218711609,-4.578437427398773,-0.5819890390343048
0.6358300605764278,-0.2069541888267894,-4.007911217789636,-4.652648213447655,-1.1058349113733217
0.5883790486064013,-0.2646156922665086,-3.598400312619752,-4.601108001862861,0.909478622209428
0.5390809165649704,-0.3288176136115255,-4.275364209089383,-5.673321444198326,-0.05821554145080299
0.4848001465838472,-0.4037759009456505,-4.402662303594626,-6.331416925393454,1.6852834041410887
0.42459713867926885,-0.49158010817955766,-5.188680981727792,-7.700045405910206,-1.0581134806581718
0.3626667402702277,-0.5901958651935519,-4.720343807395896,-8.100893356757943,-1.5340853390530125
0.30762979527986545,-0.6938066664809375,-4.088562613406834,-8.5018031038929,-1.8778377824449197
0.2610707023873893,-0.8028450134421647,-3.3635464304437277,-8.969723310399441,-2.8436072770216345
0.22512831676167888,-0.917584122472511,-2.394488562590532,-9.420014644822123,2.01603917261117
0.19391745734015986,-1.043236550800576,-2.55924612304897,-10.67530987607327,-1.9871077765927794
0.8028514559173915,-0.025588603692467116,0.036899001018087296,-0.021920476449678237,2.4541049551136336
0.7935229176822474,-0.03576296091856124,-1.528281333659762,-1.6060301636259098,1.521385618519722
0.7682220873467704,-0.06229747580828526,-2.5231450027842275,-2.648492650219696,-0.6719755135693033
0.738716956009521,-0.09399845989053812,-2.2078870198558556,-2.441613417623768,0.14362352826520386
0.7097132974265641,-0.12678623943330303,-2.439072027576179,-2.818453667961136,-2.7194916976134813
0.6881518012214185,-0.15445624425248283,-1.0283015704742036,-1.6333128472167637,1.3550633912279357
0.6688209490158608,-0.1825905786253319,-2.0618661320773994,-2.871233874817837,-0.8347224312929371
0.6444381943758448,-0.21881473057307943,-1.8487344653167728,-2.9422685191649007,-2.9414209533851228
0.6296018185718486,-0.24961361144029492,-0.5453633949144281,-2.0133924892197386,1.5254343227472313
0.6154537630848051,-0.28401166710514225,-1.707950902421805,-3.486519124483002,0.1795978889429346
0.5915201721216286,-0.33260820475287733,-2.1179104593005067,-4.29593259219268,0.8907985495527067
0.560525996569547,-0.3935410340684884,-2.8245332897276496,-5.45034187067885,-2.2552582845592726
0.5300197674514937,-0.46091553415748043,-2.0762638901377497,-5.3637218521919925,-2.3555097261681954
0.5084390068267801,-0.5281996484861766,-1.3928350592394905,-5.432050412160768,-2.8771447256751363
0.4960591928253253,-0.5964007053354505,-0.6053602503695853,-5.511992624244778,-2.558155124275968
0.49225018412488275,-0.6672917567413958,-0.013683057602462134,-5.855369986608225,0.9682037669942472
0.48865961411773684,-0.7485961651273638,-0.5315913119596692,-7.140802915127461,-0.029005784566581205
0.4814799310495368,-0.8442869423578463,-0.5955880962655251,-8.169258247140753,2.190785521155208
0.47080305132837275,-0.9550747874912271,-1.0693731289337458,-9.539281544054031,-2.803437872518652
0.8028514559173915,-0.025588603692467116,0.036899001018087296,-0.021920476449678237,2.762727743934353
0.7923299919832325,-0.036941604467489064,-1.7188695089536539,-1.7944849530312659,2.7246600096714992
0.7600245845561249,-0.07041236736959888,-3.4504277521674047,-3.568419470621299,-2.6552001336501556
0.7264810453389146,-0.10627247195722545,-1.9360235471139775,-2.1980139536669694,0.38620604326639674
0.6998209470272982,-0.1371529409814385,-2.334108579185884,-2.7544259005008933,-2.97929779107504
0.6803599797429563,-0.16335293712800958,-0.7977120822823177,-1.4623759994108145,1.7295581495492849
0.6624830212663508,-0.1908069728311914,-2.057462984400699,-2.930609163978876,2.4928929793779684
0.6264520670318072,-0.23921067451177702,-3.68884268238129,-4.806635440896971,-1.5981471248241415
0.5843855580309025,-0.2977471697629248,-3.0602525087462102,-4.591168747671704,0.5213805421662334
0.5429608837298567,-0.360937772606281,-3.556939803210247,-5.523515645369662,-1.235150891835758
0.500806634121227,-0.4312819367700831,-3.196255500294356,-5.75568968363926,-0.5601676245251692
0.46113474987705283,-0.5069611667634302,-3.146467065762786,-6.365128302763682,-1.7683852049581694
0.42515227025451763,-0.5882454399949397,-2.618704425915863,-6.665394447148999,-1.6314452862321738
0.3952329627574347,-0.6744131889252989,-2.170297742596314,-7.141525950559772,-1.1749708857513572
0.37002413068014484,-0.7679185202518752,-1.8560657642733454,-7.832540663784229,-0.6836208803024997
0.3482022525373978,-0.8711347404403851,-1.6203995826185884,-8.690249058347604,-0.6984971906122532
0.32994245364613795,-0.9853791130945528,-1.2838657635463273,-9.598402815738398,2.70005689845146
0.8028514559173915,-0.025588603692467116,0.036899001018087296,-0.021920476449678237,-0.4877070997128925
0.8049007566748321,-0.024521838034239796,0.29079518851626074,0.1924950819905173,0.8186045444073389
0.8050717324245902,-0.02575508707739438,-0.26251519683323554,-0.38873762025121567,0.6176753486356508
0.7991119829445319,-0.0334930188917677,-0.69226584351485,-0.8520186449977468,2.3303441035735606
0.7811098526795393,-0.053684352033485094,-2.188622567834288,-2.3828810592196774,2.4173161213646353
0.7440417503448327,-0.09357218326774763,-3.74191059621155,-4.007859649685299,-0.7393966790948392
0.6994335758671375,-0.14248957483694857,-3.408975423086111,-3.8447410687247467,-0.5020105353262294
0.6576354113687666,-0.19115115956897455,-3.289058433915645,-3.963239585118259,1.5045345164446307
0.6100103570118991,-0.24886677915973587,-4.318339762745243,-5.273129727859061,-2.552536777977516
0.5633157019346098,-0.3103029210151105,-3.1828427310633054,-4.6005286331590325,0.962913019411805
0.5190219352749641,-0.37498349854218027,-3.8864077459415136,-5.746360103282394,-0.1078243731341928
0.469679677904677,-0.45112295654670787,-3.999632544013241,-6.445288753980755,-2.6985483869612423
0.4258409536572634,-0.5305156710466847,-3.0390521021917385,-6.298035491297713,-2.1903757523845773
0.39201422598838276,-0.6104808648823363,-2.384786003026452,-6.524350656646265,-2.4122924692092242
0.36645233831203594,-0.6939050478875037,-1.7144427082256226,-6.850014863338987,-1.1049832699796858
0.3465289911676477,-0.7841807258684148,-1.4644476001021098,-7.604823655440916,0.5507395912001645
0.3272959764052277,-0.8862014947940566,-1.5853259707205831,-8.714413442662275,2.889155161699872
0.3040235784742755,-1.0041269696881114,-2.089997971811406,-10.134275811433806,1.7239064861928695
0.8028514559173915,-0.025588603692467116,0.036899001018087296,-0.021920476449678237,-2.3940584648781273
0.8122791706782828,-0.017232379143363286,1.4713077173129865,1.359576600497809,-1.0538921064263091
0.8345024653948787,0.0034044850158188034,2.0893201418959166,1.9516973374705684,1.1788408931070329
0.8560095667961529,0.02329306011389365,1.359673340954095,1.2435887772051255,0.6489746287162976
0.870708705756007,0.03678861976458858,0.9972772212357937,0.9241938898802552,-1.3648823572865967
0.8888191075012433,0.054253773169668396,1.9023958844258704,1.8757418198947298,-2.3841681633879572
0.9222360639832168,0.08772581146552261,3.444200195393517,3.4870337295351974,-0.7991415200457235
0.9689243478485716,0.13577481513599832,4.03014229930043,4.216985567745818,2.3986784988124406
1.0114225548003786,0.18214193821396263,2.7938113544661984,3.2372891784105144,0.8591342815835619
1.0447557141155759,0.22278584003961033,2.549792273351861,3.285466609495726,-1.2158402086808082
1.0824394900834662,0.27153775689343185,3.4696367535832224,4.516418886694808,-2.9349958759384966
1.1366041198569459,0.34089632617354715,5.15270860994056,6.556072111148731,2.5564693987205125
1.1940542450120137,0.41989099521745166,4.0701480291086005,6.130887827899101,-2.6937218481338956
1.252818506537464,0.5076814909236633,5.2743785180185165,7.882954550259907,-0.47277201751426867
1.319239432143858,0.6117162716298266,5.327129730988982,8.763160523554918,1.3003447942528314
1.3817551219858704,0.7239046249732586,4.6753860561799385,9.211112583153303,0.15277247041145525
1.438110413930639,0.8440451896614736,4.323189937851005,10.020648557323378,1.6941787515123643
1.4869488959837422,0.9731278670267418,3.487593899302773,10.657237307918656,-2.4548386667512543
0.8028514559173915,-0.025588603692467116,0.036899001018087296,-0.021920476449678237,-1.4374728648296782
0.8085763301996356,-0.020890562275130975,0.8788146510069011,0.7738271382596076,1.3640894641092602
0.814005182132187,-0.01688861832033206,-0.007039781912213078,-0.12872632942571854,-0.8325008097815814
0.816943718563456,-0.015658546565023634,0.4765379130017223,0.3248117783052778,0.32332213108469166
0.8214474808996135,-0.013171343211282327,0.24536470513773267,0.07521459361350244,1.5446227829014134
0.8183684309251409,-0.018421568072829242,-0.7372827899228269,-0.9150027974152647,1.6736517481622766
0.8024939887507432,-0.036610818446476845,-1.804828315323641,-2.0009996427250543,-1.7857239492216657
0.786484211877037,-0.055502771199328116,-0.765949319817362,-1.0360536815655905,0.9243518373635045
0.7727621607040636,-0.07305093056651435,-1.4320133631070224,-1.7776902329556,-2.9843809775878922
0.7655008439744138,-0.08545849141270123,0.2604383371165628,-0.22133664057076802,0.8558990791924472
0.764512397588216,-0.09316589495215366,-0.41854108729124734,-1.0129442200535956,-0.19342935198455224
0.7589862071891784,-0.10695504387270605,-0.469235044975552,-1.1999578685133603,-2.549328984662258
0.7615493789542724,-0.11463662184145473,0.8726722999091315,-0.03865240500867979,1.6767622523443135
0.7648311800077772,-0.12362774791557563,-0.34544785985602877,-1.3985633091162335,-1.2037296658556307
0.7636645507638278,-0.1391307708287317,0.152177751370763,-1.0924336373795391,1.546239939188359
0.7583513822105905,-0.16108702475737235,-0.9998803827347675,-2.421954062127976,-1.3723457947233908
0.7492649904840771,-0.18949179240326686,-0.4651902659677565,-2.1408669194125483,-1.56936515408778
0.7471565738900767,-0.21435577476371304,0.11728856696057324,-1.8540181617761768,2.3111725959853544
0.7385492538271188,-0.24914975078846524,-1.4808280004701557,-3.70521804728732,-0.030712588814646224
0.718307800793812,-0.29937392415347475,-1.7585957253046154,-4.342313178200174,-1.458775910692264
0.6990348372598105,-0.35380768968761966,-1.338536292274035,-4.39264556771743,1.4015964291882987
0.6762450035300134,-0.4174570327365652,-2.2832280240083085,-5.780048928793275,0.9853979495884806
0.6437765583667874,-0.49699562150467624,-2.8852199792601345,-6.937656479189574,2.1617357155548262
0.6020727011611973,-0.5930637108759189,-3.7368027025000434,-8.406589414623985,-2.1130884956516436
0.560507138150228,-0.6993532511001233,-2.926390587466302,-8.634757593650741,1.7188929795150187
0.5216665863645575,-0.8149399920305571,-3.245850763001851,-9.845268081475048,0.6453210746031877
0.48211541041879613,-0.9440807223842871,-3.05477572794683,-10.820526626424394,-0.9815853467463889
0.8028514559173915,-0.025588603692467116,0.036899001018087296,-0.021920476449678237,0.9855969523718127
0.7992011222122346,-0.03015288824994089,-0.6207171180677197,-0.7086836940820737,-2.5417834564016655
0.8009418626725999,-0.029902028408614445,0.8959679342271468,0.7444996617918478,2.9893284531079924
0.8002000508996199,-0.03265359894269659,-1.0109330625078334,-1.180207772042828,0.14877191573158388
0.7866559974904939,-0.04860487555138526,-1.1603560930649481,-1.3798473592293394,0.5256694895773957
0.7696312599176025,-0.06878903109198653,-1.5677581268892162,-1.8582110464317434,0.23919777200708303
0.748440047987383,-0.09422660203632693,-1.828382480855774,-2.2231369061131034,-2.0078737424203994
0.7322468577924628,-0.11633518443876589,-0.7743324001937593,-1.3317731712799843,1.1561486242450005
0.7170221248787296,-0.13947442051311265,-1.661776708051981,-2.3753421285468965,-1.551436755974166
0.7006207692060382,-0.16616821381686764,-0.9741821859563597,-1.9138657970388977,-1.00774490105963
0.6904410721600827,-0.18964240321135417,-0.6623281796118413,-1.85518264695455,0.18124071550317833
0.6796721164119548,-0.21694479910208564,-1.0625163233877082,-2.520667057516048,0.14439708483340485
0.6639680276506601,-0.2527389370586306,-1.4512719313231652,-3.215105545155297,-0.46768804085766114
0.6454009784915096,-0.29561526333225485,-1.5239107583826677,-3.6588791377762897,-1.4458742274344663
0.6288495439218842,-0.3416521643964052,-1.136049449120658,-3.728909538586026,1.6359335249349662
0.6076014675806309,-0.39783652213235987,-2.2395723533067415,-5.248157774704917,2.4733153526355487
0.571317217210102,-0.47455206047514187,-3.5187977629628953,-6.997572986521576,-0.0157141323986556
0.5269832716864773,-0.5667293018625088,-3.5594604365405376,-7.756997447937334,0.30441617548512934
0.4820605586780933,-0.6691895262290619,-3.6053563578503636,-8.63790139527064,-1.8325691869702883
0.4414837813973138,-0.7796328144890188,-2.891192422811272,-9.060756362366211,2.0602132469289236
0.4032074979471485,-0.9008342684821802,-3.1888173560901323,-10.317366533131704,-1.3269371788615878
0.36787966928486426,-1.034329294706632,-2.4541886582103216,-11.063658220062363,-0.8889879674574805
0.8028514559173915,-0.025588603692467116,0.036899001018087296,-0.021920476449678237,2.3731715929958
0.7938357756796401,-0.03545385055641459,-1.4782924760695746,-1.5566016574561525,-2.0395956338516497
0.7828831020774301,-0.04781045735510592,-0.28143074685762925,-0.43145310757489685,-0.4722675110183636
0.780642842822163,-0.05237184487310875,-0.07885358353298062,-0.3013737184444354,-2.7181704604901373
0.7895226706849843,-0.04687205028118813,1.498492745539583,1.180271701164103,-0.34237148432808784
0.808985790022875,-0.03181006211884796,1.620021500870486,1.2375814199916382,1.296877255444759
0.8237922019828563,-0.021995161922513606,0.7536527471487966,0.34049690293656876,2.378531421380144
0.8237199330429168,-0.02731203018582873,-0.763115203353377,-1.18915861304294,2.100718330871464
0.8057866493397454,-0.05072367068107431,-2.1081094841541734,-2.563179582006277,-0.7236087171270791
0.7817680983532189,-0.08094769794798706,-1.7449482161629708,-2.290139651979749,-1.9253205043317243
0.7664799430318974,-0.10390127501678803,-0.7129222518961819,-1.4001881839096288,-2.348470477655161
0.7652989259272096,-0.11474455191457755,0.5161895321156819,-0.3459559589629759,0.027252803680122284
0.7703367684598241,-0.12148163209817264,0.2888338392590464,-0.7342134887263018,0.1564843284244004
0.771998037192021,-0.1336561965238845,-0.02487953003784171,-1.217923809965885,0.3213303495975284
0.7690468706660796,-0.15266094291053012,-0.44958771556562616,-1.8289148278019458,1.4775340944474546
0.7564958931807872,-0.18365832165072105,-1.5551743303543673,-3.133284060403891,1.2201954508357717
0.7312079436086814,-0.23018092912140453,-2.484827807152585,-4.314358984426479,-0.457787509420573
0.7002093038243187,-0.28619880976896805,-2.4811737279405697,-4.667505050407399,-2.986754686715588
0.6770167690377988,-0.3397842265394089,-1.2601724973032618,-3.949025357805585,2.6913940985155627
0.6511917274907444,-0.4015270844245755,-2.8324119259842147,-5.903635593605283,-1.505919632170727
0.6186898111559667,-0.47637677918307286,-2.3786630100112998,-6.099357603853242,-1.839551851442375
0.592330549761626,-0.5539207027123272,-1.8495678820534414,-6.334875985683302,1.2743319482402855
0.565338939921733,-0.6411187630455295,-2.4347048479560915,-7.602212055477209,-1.937235500599731
0.5386935267272124,-0.7386895888878207,-1.8330504890663772,-8.034412780881734,2.4148699965896814
0.5117831012391441,-0.8480521273178567,-2.4238920267067994,-9.441334324471509,-1.988029002170446
0.4862021532642382,-0.9698929119377366,-1.6659363708538197,-10.078062342066797,-1.3099339027658923
0.8028514559173915,-0.025588603692467116,0.036899001018087296,-0.021920476449678237,2.8798299903309736
0.7918773940696835,-0.037388786948282515,-1.791170875495934,-1.8659782967315302,-2.4322523159248894
0.7785187658387875,-0.05214883575808571,-0.35522794428096804,-0.5090683157447145,-0.1599239914986219
0.7741065704543226,-0.058953217204738895,-0.3527121229201531,-0.5831522526239394,2.351567788963199
0.760016332158834,-0.07632446632920553,-1.900534620396528,-2.1980390894846495,-2.927906344697016
0.7466639116111815,-0.09425932986302765,-0.24827419596219025,-0.6891800962534151,-1.7928573923012225
0.7493035271505097,-0.09806883438127256,0.6671119009442843,0.07460458139790346,-1.4518941257898956
0.7620093109392552,-0.093717548670885,1.3660713346319755,0.6222989012737704,-0.1616614176833977
0.7785808198764501,-0.08727390072374464,1.2874437018965519,0.41245289623387116,0.686976565388826
0.7910037794705631,-0.08651149895802179,0.7017732595832535,-0.28806989767356983,1.807944661666526
0.7918802012842692,-0.09865763359846014,-0.5600941478613084,-1.6554356573389575,2.7901657720226583
0.7733418427363379,-0.13158697258572927,-2.4000649670714718,-3.613594981664244,2.565180591410252
0.7329593126055087,-0.1881771783945494,-4.0460283849129866,-5.439022790973164,1.3754738479429927
0.6768806094298858,-0.26341587988346093,-4.909837094565498,-6.601964371457245,-1.3675167397911985
0.6194543066604812,-0.3449189114820692,-4.29614927861145,-6.476009512073296,2.628597293961219
0.5576316264800196,-0.4368404221704032,-5.537775772551854,-8.1996749172128,2.408561984808788
0.4831596953494808,-0.5485696545302021,-6.314361008979324,-9.64678325751567,-1.0992668099850065
0.4089274445023121,-0.6709514965282484,-5.565554763832578,-9.964604665098122,2.5960348167498646
0.3371178051620496,-0.8036579889973519,-5.8668174351147755,-11.24786773106739,0.06919833715896617
0.2676527430958897,-0.9490328270340509,-5.230538583359445,-12.02786660822741,1.2682214155026985
0.8028514559173915,-0.025588603692467116,0.036899001018087296,-0.021920476449678237,-0.3961045157069698
0.8045463072240091,-0.024872018045071886,0.23409764535112526,0.13644171337502697,2.0033958040217765
0.7994238558230173,-0.03133908684712239,-1.052397677496042,-1.1704214595255982,1.6376812209774538
0.7796343052412977,-0.052814562756676064,-2.1163289113934205,-2.2724098273624325,0.4433806887815086
0.7510109554766791,-0.0838655666292456,-2.4698210557451383,-2.7093930419359933,1.912063116359902
0.7121967868853138,-0.1263600817924444,-3.739061160428794,-4.098314709927424,-0.48876953527966105
0.6664250046757623,-0.17790935479086034,-3.595572933010096,-4.173471851123423,1.9673011952411912
0.6134487068065728,-0.2396530732977431,-4.8629900872288445,-5.703957792948864,1.5745711046301798
0.5467621148569233,-0.3191317215056153,-5.779793984592178,-7.007802016165685,-0.7222110083310707
0.4765639062299263,-0.40826449560398714,-5.455145729315743,-7.279086770170912,0.4740898770800399
0.4072153265177487,-0.5045477507542775,-5.617595198690314,-8.128496979916553,2.513699217949215
0.3320423649328035,-0.6155839794610185,-6.346968039021787,-9.607474187374912,2.8638052967561753
0.24940786109838609,-0.7446213213178163,-6.808314549497907,-11.010673174061361,0.6679486446790093
0.1671313167282955,-0.8875989415129037,-6.330224809092121,-11.873680591635939,1.003798923481746
0.09125432388612742,-1.0420115272172144,-5.783706809786218,-12.841118663208906,1.5089409829948996
0.8028514559173915,-0.025588603692467116,0.036899001018087296,-0.021920476449678237,1.9722224940483546
0.7953858417404902,-0.03392236384094005,-1.2305915401051706,-1.3116818935736017,2.2428899829698565
0.771023260282016,-0.05950592793821663,-2.6688687496891994,-2.788320282910177,-2.995419129951328
0.7486170927177649,-0.08412875694688315,-0.9314087352352042,-1.173441848392483,2.6400514380521276
0.7260652526864604,-0.11030475269804096,-2.6734338933108006,-3.016437152854179,-2.630371556788829
0.7015121572151273,-0.1403518184486816,-1.2731043349691222,-1.816784992354071,1.6195624599027738
0.6782642955569052,-0.17151379074102868,-2.443054092242809,-3.1722486161256542,2.91816978919943
0.6359857331285212,-0.2242155110786066,-4.299270581429559,-5.2506449696811925,1.3949479265889648
0.5766507539174723,-0.2975215190024416,-5.1741815951849945,-6.477714638202016,0.6720873225418873
0.5094825673884231,-0.3839773546448697,-5.553592757798212,-7.359307951286769,-1.305544198918536
0.4437486275242364,-0.4766258399432517,-4.973903663705352,-7.4960863149076316,0.4584607334121431
0.3806958257754709,-0.575828037741783,-5.090048319750303,-8.376834699139202,-2.615416619321127
0.3236446986051993,-0.6806943131491563,-4.058604938864764,-8.442795696256585,0.6815806257261432
0.2726462186007672,-0.7925096751802299,-4.071948249668254,-9.445397338598331,2.229279884585808
0.22001001859991476,-0.9185496625495877,-4.304124569176169,-10.707413232718746,-0.60748505043615
0.8028514559173915,-0.025588603692467116,0.036899001018087296,-0.021920476449678237,-2.737030502037932
0.8136069668586483,-0.01592060028207154,1.683787892005543,1.5696389450983461,2.9029844167401
0.8231640735666792,-0.00778575631321532,-0.14826079815283008,-0.25835444899893556,0.6341581415250417
0.8187680090367242,-0.013599553459659575,-0.5559397892042852,-0.6737317611822339,2.9912486760213772
0.8001054020040295,-0.0337237987386918,-2.430475701056794,-2.549997125500461,1.9047782772024373
0.7621523750945545,-0.0734168092179166,-3.645513159497287,-3.813540934106177,-2.2294161794837044
0.7245464475545722,-0.11398237588995475,-2.3909411964078617,-2.7068556842394424,-2.746986983380288
0.7038693011107724,-0.13984624114875643,-0.9339523373118167,-1.4546124444731046,-2.3308348113885615
0.6993427723046413,-0.15229481207928108,0.20123813083652792,-0.5492304798241429,-0.2463009155317204
0.7011001781942436,-0.16125649719419455,0.07826630668024825,-0.8880810299474079,2.5597470212247364
0.6910651952024756,-0.18453167060914266,-1.675697651081909,-2.831553982775372,-2.606031963473284
0.6777201546339824,-0.21423055711278183,-0.4776769244413377,-1.9459096130720674,-1.439772818579259
0.674694402756919,-0.2376244518777031,-0.015254996569907787,-1.811445176063272,-2.427032200983849
0.6804830487386622,-0.2566458287509743,0.9301438315357806,-1.2486733236081362,-1.7162430417130752
0.6953278550878794,-0.27147036291169435,1.4385284189462735,-1.1337660162301209,-2.2111540893580734
0.7179240936515323,-0.28369521603794334,2.1697581652951334,-0.8335410681273613,-2.6591691953118213
0.7508772063358764,-0.2911851319032124,3.0964896653372347,-0.37530031987052137,-1.22106861402805
0.7905330236918267,-0.29769882154891203,3.245631123978319,-0.6713385259139629,2.129512872163085
0.8211984791078129,-0.31817693212533626,1.6710931683492725,-2.5937235520771846,-2.071300932703272
0.8456418600731328,-0.3501389056586275,2.2269079452540894,-2.5416443882525606,-0.612362480676583
0.8722205877439686,-0.38623243305481214,2.023840857065747,-3.2417804382164404,-2.759239865894224
0.9022854596969836,-0.42589730645296564,2.7687443884255147,-3.1336885274218065,0.5870537611102797
0.9320136467281328,-0.47326856141338336,2.0004386702830717,-4.438984735764313,2.357557442388506
0.9482786915467365,-0.5404979452749945,0.642687156007843,-6.285542640361591,-2.1610342556424125
0.959413003517275,-0.6210976521053482,1.1282891074705128,-6.639023944315479,1.025165894640006
0.9697967660293543,-0.7122249653666559,0.5661042295458022,-7.925848065464251,1.3267133306023302
0.9738737252663174,-0.8192893533735908,0.12474582611077915,-9.188748690542042,-2.4411000163332
0.9799690645199304,-0.9376883205433999,0.8508641604780657,-9.78379748169646,2.5147452886372026
0.8028514559173915,-0.025588603692467116,0.036899001018087296,-0.021920476449678237,-1.9152667289496468
0.8104257171470075,-0.01906347676240161,1.1747245974742382,1.066369191976448,-2.5964679146880014
0.834906109175523,0.0037833566339364744,2.745778742185041,2.597070273875873,-1.04202235765908
0.8731830231178401,0.04021667283335173,3.3860850061126353,3.2484555512388034,-1.2401145513283003
0.9204953987421813,0.08616955734224652,4.189421780108256,4.120908313033386,-0.34109935979468187
0.9746407478495875,0.14033730510467235,4.480913271788014,4.567015088046584,-2.5623026254282277
1.0406407518034388,0.2086857873800292,6.056877947072533,6.365910977359348,-2.5843962708359602
1.1252873007127029,0.29931073920277385,7.439364217604407,8.116044335618628,2.4630054375920594
1.2100750554129744,0.39665222335817774,6.163394648469854,7.51859338711452,1.584108001501086
1.2825434072885304,0.4907711821281109,5.445228250626018,7.5756745416569835,0.37211833113931947
1.3493466706603376,0.5893421075621497,5.231723590710514,8.207757830246276,-0.5635281148757452
1.414960949089786,0.6978408591118805,5.2382909127953825,9.150881833872461,0.6398767136663244
1.4774032001487516,0.8164674045083204,4.740645024482253,9.84390741675611,1.4644242799786662
1.531829685073502,0.9434240385672954,3.9627452595738,10.491483632521895,-2.889715316952987
0.8028514559173915,-0.025588603692467116,0.036899001018087296,-0.021920476449678237,-2.11791744922896
0.8112101759832235,-0.01828847942839351,1.300248481427095,1.1904642982734461,-2.296828558771164
0.8361039298934267,0.004975512773190971,2.6868232094457305,2.5403978309642077,1.5919502881524332
0.8634709670614455,0.03065422552464403,1.7022306692454885,1.585395617230067,-1.7410911653982333
0.8917358470785963,0.05766727551359363,2.8232386334197517,2.745595193690421,1.0889123912271028
0.9233302415257132,0.08890508445822665,2.2434360603987664,2.2718221829160763,-2.5122569219254665
0.9616630031212328,0.12827673184367283,3.885138905620268,4.032104633867985,-0.9353711550387418
1.0144805669275048,0.18414994398070972,4.564898436166185,4.921166961044765,2.9229805711243433
1.0622576361897131,0.2385356594255672,3.111869759254884,3.8256852456122257,-2.0272690827203057
1.1094689932320794,0.2966192759368109,4.418802788446413,5.459429549624496,0.36693048549077867
1.1646257383388976,0.3677661973369175,4.406126860651705,5.941242118381136,0.8662234818541013
1.218155902672505,0.4442400785878782,4.161420340309713,6.314990176703943,-2.85788975022039
1.2781211870104006,0.5345320344183042,5.37142119790308,8.096424263313704,2.6359169982087742
1.3385595402077293,0.6353745417470136,4.321584491941054,8.08098924580751,2.4842621794876107
1.3869272973970288,0.7377536481874265,3.4300226448448257,8.332775043351365,1.7133762843117823
1.425906922571344,0.8454340992625262,2.8045732312936806,8.91697482647645,-2.6840358610670614
1.4638834251595032,0.9656004989358129,3.223648201275141,10.29189858236886,-2.9388815642138884
0.8028514559173915,-0.025588603692467116,0.036899001018087296,-0.021920476449678237,-1.1686666382160977
0.8075359622271066,-0.02191838782492539,0.7123632109639013,0.6092696630572199,-2.055908713176782
0.8241224304094175,-0.006903669340627694,1.9436914240561125,1.7979311714553108,-1.8533947928327337
0.8554443280704191,0.02246731573714955,3.073226863053679,2.913202391729722,-0.48475963682596124
0.8958213020054835,0.061063412261530114,3.3956077993776144,3.2801345931027486,-0.7245158168944288
0.941448055980227,0.105825777634037,3.9110298035894826,3.899307933701199,1.1589683880437214
0.9867331403527677,0.15210036834912444,3.3501685469954636,3.531744560974165,-0.4649624953013167
1.0314218865171503,0.20048108116403096,3.802039797914645,4.2230485536518145,2.5059806772998323
1.0715481536123947,0.24807480026148676,2.643506913216964,3.4282006126624505,1.4400519634634605
1.1016139405604504,0.2903853261086171,2.179667123340107,3.3635654939302433,1.2718540957967637
1.1268645769132473,0.3331923572023965,1.8698221966931783,3.504278681610442,-0.5180867512576817
1.1539475359910725,0.38345653027320736,2.4533553790130105,4.538909008273,0.9160413848312388
1.1838750225411179,0.44299916051296906,2.337438990371412,5.003174289755717,0.9244084227914202
1.212384621391501,0.5088758309063444,2.2235796808557233,5.550672826360037,-2.846622123025049
1.2483020148125297,0.5897123549512657,3.4690957659527424,7.349348475743622,-2.8144188716719882
1.2975970292508343,0.6917103719189099,4.358518717716486,8.938340243234386,2.6600925648707765
1.345700012396434,0.8048787448924886,3.3519441499031166,9.20517255036721,1.1344947662379141
1.3841454257764472,0.9243499460932973,2.789816310154177,9.927474310430762,-1.3159322475414508
0.8028514559173915,-0.025588603692467116,0.036899001018087296,-0.021920476449678237,-0.1283643566463475
0.8035103606392031,-0.025895489443562347,0.06839667680508071,-0.02737751011258288,-0.9695816097445666
0.8078128823566129,-0.02306267001289264,0.6197377195850626,0.48063095989993576,-0.536863639431469
0.8173471940348085,-0.015490882972042819,0.9075322595969945,0.7342144284200619,-2.810413096232041
0.8393660430078862,0.0041023539351328075,2.6178081495206715,2.406429815028868,-1.6179200155695694
0.8782816717742588,0.04036602668030298,3.614979313647582,3.410433637128134,1.1201482063731802
0.9193918242594368,0.07939489272289535,2.9762291365553986,2.8577801567172276,0.6596400818250574
0.9547536988370213,0.11407754047877772,2.6923452732628688,2.710598286019848,0.5800603280435865
0.987251240600524,0.14791049734569395,2.5166546977524424,2.7201263687201607,-1.234129200581207
1.024476473502193,0.1889460215838339,3.4365742444320726,3.8524638169756,-0.3590326137494122
1.0699835828945368,0.24141923978022817,3.8446484650325505,4.556167880851569,-1.0493247702741575
1.1228050515145984,0.30532637961720255,4.592862847446569,5.67145003517331,2.2216972690014885
1.174400760376817,0.37381828424817565,3.687455506472482,5.327319034484915,-1.1758516216300983
1.225086428335552,0.44820090116595157,4.394950708779094,6.56553433689488,-1.7858518325983932
1.285033759224099,0.5390792384872278,5.152201814531191,7.955447219470395,-2.8569154388520905
1.3550887308150665,0.6486073376259287,5.990052020051964,9.535236276069558,1.538187008688337
1.4247073570379358,0.7701012136228687,5.152629069614219,9.932792640498759,-2.5917968346446205
1.4908827476057382,0.9024429789435535,5.384117737193192,11.225537724159073,1.3229621800459954
1.5523190792689574,1.0470158252997193,4.439871259520383,11.93152240181851,2.8895462179334794
0.8028514559173915,-0.025588603692467116,0.036899001018087296,-0.021920476449678237,-2.914920680107521
0.8142956938309318,-0.015240181717926404,1.7940040263494927,1.6786012933902423,2.095627933586462
0.8283619916929794,-0.002642130777557483,0.46324467536231895,0.34772746842767605,1.160823521423719
0.8296057638557173,-0.002809940326121474,-0.2626546529673186,-0.37248580526661623,-0.6833648458256412
0.8289462536503334,-0.004901013298399093,0.15554161954085005,0.03552565270459328,-1.836539377211503
0.8379429425370906,0.0024694230768358416,1.2836892812246372,1.1443978416615364,0.7161402002279287
0.8511939627887344,0.014043469505127693,0.8410749634119244,0.7150961192151338,2.999045988299068
0.8502233244452979,0.011764734377638586,-0.9930606503399126,-1.0755640971175737,2.776635173524804
0.8272227266725327,-0.012046006556588384,-2.690212398619397,-2.7417871561120393,0.32229556571207896
0.7923395132111013,-0.04769809049956697,-2.899875313621647,-2.9799418595149594,-0.7443612506170076
0.7585942169511224,-0.08295230616931226,-2.510779551284084,-2.680903077220512,1.742615212921618
0.7199106421941983,-0.1244505939699545,-3.678260333561136,-3.968250710983074,0.027584715739462418
0.6729949043842924,-0.17622002705476714,-3.8354671534352693,-4.334935520053512,1.844723333648183
0.6175150092283959,-0.2395088208991636,-5.024562599315083,-5.791221007785732,1.7645557400504748
0.5482472230205424,-0.32064361402161046,-6.0273877282623545,-7.182671505175411,-1.6086598645391952
0.47769513046397893,-0.4094558706667639,-5.2795565498196675,-7.067072739268947,-1.7176476353175312
0.4161530552731838,-0.4979604080128084,-4.581783082533935,-7.127782851693418,2.731826530760377
0.3523870103220128,-0.5975013012123895,-5.5582913466680415,-8.765389001145216,-0.9311135760836198
0.286298901863137,-0.7101982820609516,-5.010817629937399,-9.28618186646042,-1.4800994860317815
0.22826895650768497,-0.8293988104565049,-4.272972028375304,-9.810008487925254,-0.6330394733054563
0.17820446371866705,-0.9569004458030315,-3.723227766712065,-10.604858071487604,1.0462202366522453
0.8028514559173915,-0.025588603692467116,0.036899001018087296,-0.021920476449678237,-0.14756454714252998
0.8035846484775386,-0.025822095504063558,0.08027854932579923,-0.015630531156534185,0.6135538507921559
0.8019109811593732,-0.028892584161007484,-0.34795853230530016,-0.47591077698453077,1.9058124625675905
0.7898758501810481,-0.04269561846491632,-1.5781084756906514,-1.735364059815947,1.1182922707479301
0.7654421035989172,-0.06943787046881189,-2.335359347387854,-2.553347039801513,2.1833506939867062
0.7273478974831753,-0.11080000526344458,-3.758568733531166,-4.073014980170339,-2.7161278984859143
0.6897071440552103,-0.15364771070111205,-2.288345744052494,-2.817738975181151,-0.5856335127207508
0.661884316161478,-0.18953978558415274,-2.1719717574952795,-2.9419764509208908,1.6209442740397764
0.6274757691285275,-0.23511747613281564,-3.3233911279788497,-4.350997679148801,0.33824997636199416
0.5834129192778232,-0.29419131705129065,-3.7230513912770924,-5.111411183892882,-0.37853411645747226
0.5367750198164987,-0.36103238044818875,-3.739710036394942,-5.599621773917843,0.15012556612472583
0.48845515408400386,-0.4359439814172057,-3.9799095111050136,-6.392605964572027,-1.1216697915199503
0.44089537448005256,-0.5180525554834841,-3.632771514561423,-6.76609408287237,2.7974143457815437
0.38858724638271713,-0.6133013517824946,-4.676203667998572,-8.439696941360014,1.6981928188316937
0.327754330660206,-0.7264592885410881,-5.0122061561075535,-9.650517452638203,1.2240943236666153
0.2652056367039304,-0.8536510233294026,-4.960199947040079,-10.69633888891795,-1.0011802521937854
0.20803808346027353,-0.991666696560185,-4.177998554883195,-11.407887567166345,-2.3456196106413687
0.8028514559173915,-0.025588603692467116,0.036899001018087296,-0.021920476449678237,-2.436498410907886
0.8124434693966709,-0.01707006231874919,1.4975991313672914,1.3855688023692248,-2.4542268734632966
0.8404215502684744,0.009255481912235464,2.983425448021072,2.8363161539242023,-1.8190558435041277
0.8847067249709042,0.05173816682818755,4.108202358245275,3.977014570429878,-1.095872710168993
0.9404770880625186,0.10637486946762698,4.820028996505399,4.784022007392423,-2.7725945957601947
1.011421233617316,0.1778591088039927,6.510826243956127,6.65391592598497,1.8800770454716416
1.0863938362219914,0.25689242708594984,5.512152912815624,6.039519782064749,-1.4248976867866048
1.1604366477840902,0.3400967299088862,6.306444361514853,7.269133722466112,2.3996580874584463
1.2322220939142339,0.4281715606700214,5.209829318497028,6.872980606615631,-1.6971523902475132
1.3019207006489992,0.5225635737808312,5.8972337074108,8.212007145586012,-0.9841584124560026
1.3768676803975497,0.631651953359766,6.05859651463763,9.235792495026706,-1.4716974699470233
1.453453244900432,0.7540891120261239,6.152750287702219,10.344478960927272,0.7464060272000737
1.5259011031260732,0.8874100683035904,5.429744745173398,11.006414218139303,-1.2277115145649575
0.8028514559173915,-0.025588603692467116,0.036899001018087296,-0.021920476449678237,-2.2515153791818854
0.8117273511920935,-0.017777542336602004,1.3830054539026837,1.2722793292397883,-0.4524745346778527
0.8305134275036474,-0.0005432284732407311,1.6274886613194153,1.4938541304764936,1.9164989572366995
0.8433637244466876,0.010731527069232971,0.4348078625246104,0.3198903102922087,-1.6094973054424888
0.8551394964427672,0.021094716127199487,1.449940857902992,1.340537455640186,0.5779045112106171
0.871211921287359,0.03602543251157764,1.1270552679983326,1.057510000783234,-2.7227555339510023
0.8961591139125495,0.060303661851515145,2.8644696177771554,2.8317048221996495,-2.45016486622608
0.9417706251258666,0.10597426727978299,4.43154005087864,4.484764670141573,0.7898685557511351
0.9948098771121341,0.160833709217842,4.069131309631049,4.321173305106842,-1.0230823021436362
1.0502829719692963,0.2209810531674794,4.801133839970887,5.312628833219704,1.4425828862834944
1.1063530120165517,0.2858810555467386,4.188407381983435,5.1053387089228295,-1.5264777270615868
1.1646713243369762,0.35820387209039506,5.115534701468618,6.458801736860942,-0.5325360249183158
1.2306201338769869,0.44449034972624446,5.416039713579279,7.349534320276922,-0.36158213648371085
1.2990665516443514,0.541586032743965,5.513048768788166,8.188476881083973,2.0795015579848837
1.3624555364597608,0.6446989944735906,4.64329058228959,8.344788329310203,2.005301775920202
1.4155633799580416,0.7511185771841404,3.8606565223257827,8.710743279141017,0.026454326998831323
1.4625023779247357,0.8655620163562476,3.6287361206529445,9.605765276694541,1.9216031773813809
1.502823448299555,0.9896115307793476,2.8188720891984897,10.26587320192597,-1.500455309633266
0.8028514559173915,-0.025588603692467116,0.036899001018087296,-0.021920476449678237,0.7250274610246334
0.8002089667194134,-0.029157159124605148,-0.45957154946517914,-0.5493608027580865,-0.5499636133295791
0.7962694698263686,-0.034505310411165446,-0.1730664460554884,-0.31008998564399715,0.04894503422339813
0.793522881187327,-0.039267399568780004,-0.2675616908780244,-0.4540214933718631,1.7679893798792445
0.7829154344647629,-0.052468734103260584,-1.4298768745280157,-1.6606693873751903,-2.3493428508901655
0.7735370520784217,-0.06532926685037399,-0.07897755982382876,-0.4092417939024075,0.7255355878520309
0.7690217514110698,-0.07450880245683456,-0.6443105804898193,-1.0619645248616065,1.6401105161551195
0.7539044223447062,-0.09541840496020004,-1.7747671746240576,-2.2879473736461917,1.7496781996809503
0.724235412196967,-0.13226911117449136,-2.9711274498066227,-3.6152037727907573,-2.873603763317754
0.6966151340764881,-0.16940516608936074,-1.4713843695242916,-2.359118914358004,-1.6628573671938793
0.6826092128797527,-0.19616334250905876,-0.7814826906072945,-1.9405198985272107,0.35348471454414465
0.6697188796518123,-0.22520142280110678,-1.2816007971096697,-2.7122008121856633,-2.5636293888860116
0.6605071597163126,-0.25458156518170005,-0.2094440534187668,-2.0131150207903694,0.4120449870354168
0.6542097476829665,-0.28551556183706595,-0.795886818502679,-2.9399902822575026,-2.8826775500788475
0.6512206466437274,-0.3182206564515293,0.2982418455409498,-2.3205424222683013,-2.3267378896382267
0.6595116418352953,-0.3457651438817666,1.0158149816714113,-2.106141800620717,-0.5412520772242719
0.670957292433322,-0.37630048080863077,0.8145329904088436,-2.786135398255355,2.3884842071656376
0.6714780484296208,-0.4232504949055933,-0.7028252338327856,-4.704189924554289,2.4646261436908583
0.6540743713619124,-0.49345556771513177,-2.038367623752784,-6.499346182341603,0.17345139138382937
0.6271955697225957,-0.5802502927170603,-2.2443349035357967,-7.389042673134322,-2.0825908351689804
0.6032507546330867,-0.6742940359148699,-1.5968351588153193,-7.6880321778028025,1.34333823182161
0.5805936992304686,-0.7780663843760669,-1.9911571864053808,-8.902296127385398,2.0903340640384753
0.5531400052206807,-0.8974393434691166,-2.3566004085786623,-10.18152756277377,-2.5941596817075423
0.5297814576320259,-1.0281647776821807,-1.381740288781183,-10.766708926512713,0.17850652578867976
0.8028514559173915,-0.025588603692467116,0.036899001018087296,-0.021920476449678237,-0.7228410829293939
0.8058106324655983,-0.02362292406762556,0.43634484033979104,0.33639044537819895,1.7876332389207743
0.8040558194978806,-0.026748803571909452,-0.7153184291013167,-0.8345808294040856,2.5666321120942275
0.7849196947889525,-0.047499441302327305,-2.346973890739692,-2.4898282821756563,1.4649069068477578
0.7495751089161398,-0.08501643277558557,-3.31201475195739,-3.5254141716124536,2.1697061057235825
0.6994152733553256,-0.138566268153403,-4.7086915267819585,-5.051130606329324,1.928758799845589
0.6330077135103438,-0.2105822740498482,-5.899869760240643,-6.474900533873528,-0.4045671507878934
0.5603484076293133,-0.29283576915399534,-5.730339406396374,-6.712547886880627,-2.8088332683839234
0.4970545966267017,-0.3720209814695461,-4.434541367559978,-6.012480600393309,-2.868336947166335
0.4488055542477358,-0.444239252530112,-3.3160087051773273,-5.587890801773203,1.0899150718462227
0.40332643733283424,-0.5217879349112748,-3.9315773239028506,-6.809967215882146,-0.831554362176707
0.3557155383999513,-0.6104657657658605,-3.6807205890136396,-7.392749182933452,2.680922622662676
0.3043007237478603,-0.7127124548528974,-4.488753232466054,-8.9376531071209,2.5360022582990194
0.24517011814851042,-0.833062605586433,-4.919058087417494,-10.297549324333295,-1.8858116517226442
0.1895789084045063,-0.965204241677037,-3.9757730258703643,-10.873151013452876,-1.818706141983913
0.8028514559173915,-0.025588603692467116,0.036899001018087296,-0.021920476449678237,2.9082803701494413
0.7917674372458663,-0.03749742839068482,-1.8087355112376873,-1.8833467454953374,2.450864763675817
0.759394468098967,-0.07104250277325308,-3.372153286792488,-3.4923435650331034,2.531522600204001
0.7071796373225441,-0.12534316945662693,-4.976825018782895,-5.204072579294509,1.7625985533740947
0.6380873121969954,-0.19852038930878768,-6.064432449351739,-6.511444173996185,-1.2595673541871701
0.5663355705748687,-0.27824503490415786,-5.434044526149404,-6.283559841606103,2.8825704527409783
0.4889582809250097,-0.36878386956072795,-6.887185155776769,-8.17210932876957,1.2858408388402642
0.40024940187942404,-0.4776176490725281,-7.2645684527548715,-9.23254510200792,-0.7525644392275233
0.31324865347630615,-0.5951307782145236,-6.6524045185346745,-9.595081392665701,-1.2550207783145213
0.23508501242516644,-0.7172419207776333,-5.855829184478243,-9.971196008452509,-0.5854132749964664
0.16566587291741008,-0.8459456263658605,-5.240156576924461,-10.638747804057077,1.5173576653775624
0.10109962737515943,-0.9857355216801413,-5.05508175863106,-11.726182777131372,1.2905099015509158
0.8028514559173915,-0.025588603692467116,0.036899001018087296,-0.021920476449678237,-1.9529804759199334
0.8105717038589138,-0.018919250739386495,1.1980841320827862,1.0894628374161917,-0.9401932814352145
0.8289284685489591,-0.002121760892050517,1.7430092608286376,1.6057321695209432,-0.05703369372586753
0.8508455217814914,0.018072208545446333,1.7696674938849781,1.6360509746615886,2.0253066647974745
0.8652664682552276,0.031091504209810328,0.5449650656262741,0.4582272957486851,1.0154778162307476
0.8684923921729784,0.033557887859339,-0.02675103247170808,-0.060581362078847026,0.6649607226612755
0.8659772259342953,0.03094510618138635,-0.3757893393738771,-0.3579620110757962,-2.619602508294599
0.8717795688486998,0.03711561038012556,1.301714118125077,1.342987437998099,-0.6994695185918793
0.8911138898624396,0.05727372922670204,1.7958120801320119,1.8907604458064156,-2.4172399993152087
0.9233513473316259,0.09110846584686483,3.3616617281148606,3.529669415328835,2.3096828960956577
0.9573678234365994,0.12825164930885924,2.1001446922713534,2.4417934234335434,-0.1328590370108529
0.9852934408994702,0.16160870491362767,2.3730677399806237,2.9081180184198576,2.7197410622953893
1.0065491341613786,0.19126651852937293,1.0466214330190002,1.863202317413869,-0.7971012561946038
1.0242750147264559,0.22078030457051367,1.7877327440907538,2.863366839968691,-1.4769915499079391
1.0534793770570392,0.2651981914023622,2.8740285883851366,4.242457677405946,-2.359074335530253
1.0985735025785068,0.32947014701317645,4.308653034344992,6.024861781864559,-1.279916485538711
1.157014384678762,0.4123420090740719,5.0122002477462395,7.226798244637765,-2.6531663080143524
1.226613397902602,0.5131449971612967,6.059647104033989,8.86770827585331,-0.617983822618358
1.302221740020725,0.6292321012481437,6.008726404599581,9.707559616528393,-0.3022916909265887
1.37549568545516,0.755398459978966,5.6921491818013585,10.486688882571618,0.07376921010756377
1.4433261092677068,0.8911633427637415,5.143786222462656,11.249570323563542,2.2622441627287344
1.500388257402574,1.0350425533598546,3.9901437399533597,11.805587102008365,0.22030316170098363
0.8028514559173915,-0.025588603692467116,0.036899001018087296,-0.021920476449678237,1.0178495524575162
0.7990763801274263,-0.030276131217358504,-0.6406611701159565,-0.7284023153879757,2.5965502040770385
0.7807189177040437,-0.04988170443059037,-2.2966018599725504,-2.4120612642479564,-2.431571216852899
0.7609076820091523,-0.07172975033093287,-0.8853798048134142,-1.1018243513381334,-1.2856064712823096
0.7539781432924784,-0.0820741352029053,-0.2285261954095089,-0.5612572659024463,1.9885949480807241
0.7426320937258759,-0.09818666547434818,-1.585407605285138,-2.018057494741328,0.9232122879918743
0.7183763312624358,-0.12868309827234592,-2.2979961022118447,-2.8705993503555307,1.1473189302527862
0.6843132855946319,-0.1710083657060686,-3.1513259942341527,-3.910486170247572,-1.0461037562492517
0.6474312070790496,-0.21909404473904281,-2.7634676590470506,-3.8082718412673264,2.1077453282231966
0.6042357531035796,-0.27711391100609895,-4.12584669691846,-5.467219181089505,2.8878310658221586
0.5425887921636559,-0.3577995227639912,-5.686193829509326,-7.414011335925068,2.07336020817705
0.4659009334407336,-0.45950603515179145,-6.530260540001758,-8.835878583433,1.5203638679909819
0.38210343700553473,-0.5769118006888116,-6.829865599104392,-9.935702461995541,0.727046468542893
0.2979695995546008,-0.7062518445399979,-6.60108082125174,-10.761786558717576,2.085793607726515
0.2153791650882919,-0.8478741453410632,-6.565892506952176,-11.8878130143069,-1.7585064188380146
0.14083505710213773,-0.9995322796292188,-5.3662558115718,-12.412760855383322,-1.2448538577488701
0.8028514559173915,-0.025588603692467116,0.036899001018087296,-0.021920476449678237,1.455705435720719
0.7973830424901212,-0.031949128435258434,-0.9113702245088281,-0.996055092438838,2.9997354926825395
0.7740896943699225,-0.05645162371355994,-2.8152028034803203,-2.9285894948253857,1.803841080854168
0.7315853818436948,-0.1008381894200241,-3.9872143671632623,-4.185597030031913,0.9871053315546394
0.677472787872587,-0.1584027543386033,-4.671846917208298,-5.040633234883756,-1.8712974991114568
0.6249990765412803,-0.21728401276665776,-3.747751567509001,-4.418663324190051,0.28621343459120663
0.5759219000108105,-0.276810807599849,-4.102664656961667,-5.118386069103472,2.721441813045047
0.5148997349436457,-0.35281144920478935,-5.614984951963697,-7.017527269162077,2.132889089849198
0.43860242302065844,-0.44996966166396124,-6.539863575223988,-8.504425726708638,-0.10681118449230542
0.3583477251416536,-0.5598865425732753,-6.285947889286513,-9.095599143795479,0.10070334713638474
0.2814114811977002,-0.6780396675293829,-6.003453263895531,-9.817712435852515,1.033191805485151
0.20704448403876707,-0.806874929412913,-5.8613597596298845,-10.794386572659876,2.1851515614257107
0.13382188140160256,-0.9491639286249356,-5.8102457963633185,-11.963825120969034,-1.9642432206578062
0.8028514559173915,-0.025588603692467116,0.036899001018087296,-0.021920476449678237,0.1645170690115294
0.8023772323686003,-0.02701497722068691,-0.11283327051851018,-0.2065510524657969,-2.648876373576038
0.8109053762623297,-0.02002080419932417,1.4763541424000817,1.3250828789429965,0.9483150148391482
0.8254029084123431,-0.00753697852048596,0.8483391520705983,0.680865852233301,-1.7427417124077391
0.8426400102770693,0.007466915978017852,1.911772582369372,1.724702427946234,1.1312669690968358
0.86216586337145,0.02478814091221304,1.219413391492732,1.0583378839918025,-0.8240483846667139
0.8808281052554969,0.04162799117534144,1.7698454824922087,1.6429324477232328,0.3864044840330392
0.9018551494591867,0.061474498471433936,1.60085795624382,1.543657282491984,2.1830759957370702
0.9141224744684671,0.07369955444061294,0.3697015165525393,0.4237355826117283,1.8807477065796885
0.9123768620622714,0.07338103403522922,-0.6469770046365289,-0.472052724266312,1.6346016532901029
0.8988864202849864,0.062807153013972,-1.5137317705247193,-1.2238175754305525,-2.7958332898852456
0.8914859995707136,0.05942886405947645,0.3250317321111229,0.6762883247855994,2.1026972790294414
0.8881442564479514,0.06111295460209831,-0.8564647820640342,-0.40230981817438544,-1.2697039084468429
0.8830569349335642,0.06216904153870706,0.04064568277891992,0.5688723077577498,0.3181252085011197
0.8830598148952955,0.06933972089714269,-0.03788395970437133,0.5823998110462992,-1.2716456076623786
0.8882472138530568,0.08282190980442117,0.868334139460232,1.577568478889868,2.959135794483519
0.8887349807768379,0.09308647137971837,-0.7815361891387838,0.07721495456740639,-2.215499719957916
0.8884650726007672,0.10422724118890292,0.7356610310919002,1.7037496988981298,1.95820463415631
0.8914002773293488,0.12031589517135366,-0.2568682009752198,0.8840855313359325,-0.768907652752032
0.8924075973924959,0.13657957830539758,0.4188386046336682,1.7218566962642141,-0.47323352072071945
0.9008119430057482,0.16243086197098622,0.9282839663259628,2.422100437192606,-1.2739207827066032
0.9185468997223278,0.20015031294612573,1.905795884663895,3.617271912584953,1.6430814574969972
0.9382238196178259,0.2431946585903746,1.2592601689962104,3.2966706105122574,-2.2253199730320183
0.9632597823931626,0.29549782709907024,2.724039300211392,5.060349819506635,2.7334148678402244
0.990257007190003,0.3548468460822627,1.6252973669247357,4.478723684816588,0.03646220352057172
1.012391671281712,0.41568236462779407,1.9101123999378136,5.261818099876568,2.610441209399305
1.0309304173465303,0.4803569152994216,1.0782185042072758,5.1222490450360745,2.5684521032426098
1.0399392449416514,0.5446645264098064,0.37987556062737027,5.197571230238541,-0.9983509486863897
1.0488843560603875,0.61776930386347,1.0241170886488515,6.486653466071768,-2.4573586508895975
1.0677893973719854,0.708886624791695,1.951164606074726,8.063025575971162,2.471700651568872
1.0874196910736114,0.8120803109029708,1.1968667108050797,8.4775651052987,1.788116274373885
1.0989285180198296,0.9222516841644115,0.6388113137932843,9.169502781234714,-1.1118837919284026
1.1074736052371605,1.044231869679451,0.6945254142177723,10.343016269286858,2.2537523579859906
0.8028514559173915,-0.025588603692467116,0.036899001018087296,-0.021920476449678237,-0.2048366891100617
0.803806240823107,-0.025603171769311928,0.11572177441459333,0.019410298071945806,-2.6280942084534167
0.815122172721575,-0.015838165410298366,1.694797063180055,1.5440649440578078,-2.594457573801237
0.8461152146861317,0.01302461561163426,3.268898286672977,3.084666224030866,2.1080769170973452
0.8788211791933813,0.043676697829315714,1.9772242629187124,1.84114467262432,0.0039424064063791064
0.9039196624604662,0.0674844995215067,2.044988767058629,1.9801689048116773,2.652632377981485
0.9199981962325232,0.08351636076318858,0.5381929330932154,0.6001559293367945,0.34605850172690333
0.9263330131899998,0.09138101464873527,0.4777453974627553,0.6623335061176484,-2.4483978988145525
0.9425871473640735,0.11060037467934691,2.119807405420149,2.413086938472781,-0.8910884522936495
0.973430656653016,0.14606831626713257,2.81730686134941,3.272069927205153,-1.1198332081726037
1.0138718361386791,0.19347667844082217,3.6507175776713994,4.322092955746549,1.7074343392135134
1.05477471099924,0.24481219079553007,2.9132857059065205,3.923187404629675,-0.44064742974610294
1.0942513777682992,0.29909810817657156,3.3982218444825416,4.770593021452765,-0.39251201557644855
1.139396383296984,0.3641066235240138,3.815325936942929,5.636723022714117,-1.090629929379035
1.1912905708648793,0.4419485717613365,4.461148298084574,6.811146488925033,-1.8140753011475441
1.251999973215586,0.5358129291173506,5.206575781265915,8.18704801473267,-0.4631826957935168
1.3172561287699,0.6435888318580778,5.208434753431048,9.05812612519031,-0.8084324354233443
1.382223939207318,0.7628332083298717,5.155157545094812,10.019362003347567,-1.714544711307063
1.4469110758319523,0.8951556051176803,5.154272276078844,11.145072719122185,2.567693952111269
1.5037424574149636,1.037556592758599,3.944900050914347,11.675078825455705,-1.8688529483169556
0.8028514559173915,-0.025588603692467116,0.036899001018087296,-0.021920476449678237,-0.5116998046201457
0.8049935962158292,-0.024430116849749606,0.3056459877409826,0.20717712925334203,-0.1836531675960975
0.8092293197906839,-0.021646442347737604,0.3728203707550808,0.23958762942552142,1.7171585689060977
0.8069769548881967,-0.025672778001638363,-0.7317671518203139,-0.8824639867476702,2.524905189378499
0.7878082300112665,-0.046842060773874206,-2.335957605791424,-2.509258834635608,-0.6109554935271402
0.7605612934609738,-0.07673436023435798,-2.0332091355147774,-2.290476933455817,2.548298001831661
0.7247770948825991,-0.1163096740306302,-3.6887786634581468,-4.047030535693207,-1.9727844006783555
0.6851795695812459,-0.16166707707614414,-2.667540708294939,-3.242083713880088,-1.9244556971585665
0.6574366687720961,-0.1982552752362099,-1.7884917702870002,-2.6378818169576963,-0.3319543575828976
0.6345130453646552,-0.233590150604718,-1.8844558337408803,-3.0287447843793736,-2.5134475281476805
0.6175665810172664,-0.26722918610383184,-0.8455580940237883,-2.379992629188679,-2.3551165986084435
0.6124443700816782,-0.2941738663952922,0.012284734547387634,-1.9514362638667568,-0.05119996355611445
0.6102099524787876,-0.32341492204432276,-0.3690498084024844,-2.73194991576328,-1.1346914818269893
0.606571570091254,-0.3595037763590567,-0.21923858310372532,-3.056074733025126,0.27312687821541326
0.6004724559577177,-0.40394951308133376,-0.7492745630734267,-4.0563772514931005,-2.136991034071967
0.5946804095739067,-0.45495823902101273,-0.19132751982677235,-4.130099875235233,2.5372808958509676
0.5833939092125311,-0.5183499728152521,-1.5737091056632422,-5.983728192639276,-0.8987488218532294
0.5644769566647545,-0.5969993356596945,-1.4490160592359185,-6.612910356543695,-2.5012855115951
0.5506791953373167,-0.6812580934858357,-0.7703220645408975,-6.898158292694812,-0.6372774708068443
0.541453577024761,-0.7728038392931951,-0.6922055753034727,-7.755434881936833,0.8491705206857505
0.5312065438458395,-0.8770511594283956,-0.9162512709216308,-8.916665537245045,-2.3853044395891123
0.5243060230570791,-0.992572304692529,-0.1842406351092518,-9.590983815911128,2.3327118920580565
0.8028514559173915,-0.025588603692467116,0.036899001018087296,-0.021920476449678237,2.1711167927997685
0.7946168875379995,-0.03468209886555362,-1.3534766193144052,-1.433186298251715,0.6968661411688837
0.7746751366742117,-0.05590799341770536,-1.841549126841352,-1.9719803867643106,-0.0020319716945467192
0.7511334971503931,-0.08159906704778219,-1.931777636272579,-2.1512610090570217,-2.9182503140204714
0.7372767763428714,-0.09911327324438002,-0.2975895610908003,-0.6683679829561638,-1.40811664550232
0.7377801351218203,-0.10420252336115476,0.37479977507842366,-0.15085599896808094,2.590207431183983
0.7315036609894858,-0.11778893963253312,-1.3750151467682779,-2.020652257165638,1.362641688385593
0.7080851156100816,-0.15023945806335126,-2.3712624221072,-3.1777308649532436,-2.406173371817795
0.6859115137013898,-0.18407211729229367,-1.1956205823847632,-2.262934237330983,-2.60127691562794
0.6784761271171931,-0.20672885576871547,-0.008545812539003689,-1.382626039965968,-0.4592097914657156
0.6779018253434361,-0.22630184213904503,-0.08684831182511774,-1.7566326273822996,0.46184509908529137
0.6730623540962779,-0.2538805128875179,-0.6862865278022321,-2.6600091362120097,0.8332476365048849
0.6595704817365022,-0.29408452510844896,-1.465985506511017,-3.7742014582902783,-0.464094502463376
0.6406951332849142,-0.3444237070714684,-1.55665580872277,-4.2934801330593,-2.3142115288855916
0.626073873688124,-0.39668655881967085,-0.8023356587064736,-4.099845949408055,1.467893360974685
0.6097449179122956,-0.45712282605241983,-1.7844308953386991,-5.5562039756745945,-1.5913279618585698
0.5899258161387015,-0.5284148068589358,-1.3944886383185036,-5.873550504783179,2.1166012734162116
0.5662219097716705,-0.6116925162710691,-2.3535406683125584,-7.424917524336782,2.9775516300747373
0.5305075870779912,-0.7148087969968655,-3.300112249461641,-9.039032138881653,-1.5625523395096041
0.49336824520623246,-0.8309316479960929,-2.6415048971324935,-9.56528564373252,2.7696299269843205
0.4576488415868223,-0.9589758703797902,-3.023314183937415,-10.903713448757934,-0.7604826138484211
0.8028514559173915,-0.025588603692467116,0.036899001018087296,-0.021920476449678237,2.347023955397204
0.7939368547802115,-0.035353982422321906,-1.462141490112337,-1.5406317844246713,1.5696783710454794
0.7692758274307177,-0.06125098483122926,-2.486718951398552,-2.6115076414026124,-2.00879219986731
0.7453373687367089,-0.08743464492426867,-1.3564073339983826,-1.5976708435724822,-2.897015827962603
0.7384686064523978,-0.09827459948991457,0.24847248457391424,-0.14922751677833765,-0.4716168221839818
0.7422375522138522,-0.10036378389260392,0.3538075862218207,-0.18625924790235351,0.21336107948359073
0.7447013195201211,-0.10551256441373091,0.03996226166737377,-0.6387875868386909,0.80576732394226
0.7409794818082585,-0.11858822511930756,-0.6360652279935481,-1.4562746782708074,2.314843469138223
0.723159586157724,-0.14754350304289643,-2.2100724293511234,-3.1771325649422817,1.570047833593299
0.688619203084953,-0.19539791184577382,-3.3102137071694977,-4.484409820599681,-1.6795092495569126
0.6518696067733911,-0.2488577016137108,-2.589678651515494,-4.101706239522288,2.871352917395333
0.60851031120735,-0.31297756488628625,-4.310609459252039,-6.136189323043674,2.0645680015212466
0.5477098187713407,-0.399312168771103,-5.374045748016217,-7.657614901746674,-2.3574658886472655
0.48713340209718137,-0.4931632136596318,-4.346370637822597,-7.40695677694174,1.7460347559221026
0.42874841142029574,-0.5939917858504664,-4.949134482736138,-8.706443324905635,2.3344853795372753
0.3633659345001874,-0.7113667755438478,-5.4559110720321256,-10.049939457096349,2.6477034519929266
0.29314188023232024,-0.8451597321248792,-5.724530169339962,-11.3378655619789,-2.1997615599642515
0.22906062984198172,-0.989662928590215,-4.535830197462732,-11.819343420175525,2.7248175528596095
0.8028514559173915,-0.025588603692467116,0.036899001018087296,-0.021920476449678237,-0.21292577605488017
0.8038375388306722,-0.025572250635510496,0.12072785112560633,0.02435953214951786,1.4418224309024676
0.7994671162680165,-0.03130420922823962,-0.8193780925438624,-0.9414754579609868,-2.553994969971729
0.798763278949385,-0.033937920429901514,0.7023829746321603,0.5139778066041093,1.312585302424207
0.8020488849787935,-0.03323892966194286,-0.17448568170155726,-0.3990659915133668,-0.25985183440791015
0.8004915177931018,-0.037910497265309484,-0.07632539285624673,-0.35114475820363106,-0.7683802525934844
0.8020657561007267,-0.040143489287078005,0.3266139603231639,-0.008513421386174405,0.6675924360661818
0.8030914550841333,-0.04362636762326222,-0.1623104557912285,-0.5489455169449357,2.200736368826959
0.7920867159589,-0.05974335744065851,-1.5981635335469568,-2.0321904921849767,1.3674667579023474
0.766306863772912,-0.09142963980542262,-2.529616536440746,-3.0475855033913666,-0.7362654016085814
0.7366854770291749,-0.1284316742627225,-2.221212909363748,-2.893075693249868,2.5108480631758336
0.6985854439681489,-0.1759337579456468,-3.8636066049571407,-4.707149780959139,1.4330335001335968
0.6443155372688874,-0.24235530321214016,-4.8065138855227945,-5.924413088253399,-2.9941244277412937
0.593316914416179,-0.31020265948580317,-3.3918428830372958,-4.985164826853599,-1.0617817758315187
0.5527522182708129,-0.3737475988212413,-3.107231108318053,-5.205094252781041,1.9115340411708894
0.5071218115682234,-0.44853407061744566,-4.1558193012164,-6.741871106603802,1.992068303362748
0.44972644987652544,-0.5419552240481016,-4.9790761886835355,-8.182486138739348,-2.7043425611955625
0.39428197490866523,-0.6437854169989468,-3.916064913242481,-8.154448760835663,2.3130745824439325
0.34151887672481873,-0.7544858364935219,-4.474017464020805,-9.534936172503826,-0.9217368934296171
0.2892415533126589,-0.8777587758261083,-3.881397141926485,-10.206933153653836,0.14715002128606036
0.24311759040183123,-1.0111033560205804,-3.4761775491423634,-11.137282131550972,-2.2885416080308865
